id,game,action,score,opponent,guess,coordination
1,PD,0,10,Base,LLM,0
1,PD,1,0,Base,LLM,0
1,PD,0,5,Base,LLM,1
1,PD,0,5,Base,LLM,1
1,PD,0,5,Base,LLM,1
1,PD,1,0,Base,LLM,0
1,PD,0,5,Base,LLM,1
1,PD,0,5,Base,LLM,1
1,PD,1,0,Base,LLM,0
1,PD,0,5,Base,LLM,1
1,BoS,1,7,Base,LLM,1
1,BoS,0,0,Base,LLM,0
1,BoS,1,7,Base,LLM,1
1,BoS,1,7,Base,LLM,1
1,BoS,1,7,Base,LLM,1
1,BoS,0,0,Base,LLM,0
1,BoS,1,7,Base,LLM,1
1,BoS,0,0,Base,LLM,0
1,BoS,1,7,Base,LLM,1
1,BoS,1,7,Base,LLM,1
2,PD,0,10,Base,LLM,0
2,PD,0,5,Base,LLM,1
2,PD,1,0,Base,LLM,0
2,PD,0,10,Base,LLM,0
2,PD,1,0,Base,LLM,0
2,PD,0,5,Base,LLM,1
2,PD,0,5,Base,LLM,1
2,PD,0,5,Base,LLM,1
2,PD,0,5,Base,LLM,1
2,PD,0,5,Base,LLM,1
2,BoS,0,0,Base,LLM,0
2,BoS,1,7,Base,LLM,1
2,BoS,0,0,Base,LLM,0
2,BoS,1,0,Base,LLM,0
2,BoS,0,0,Base,LLM,0
2,BoS,1,7,Base,LLM,1
2,BoS,0,10,Base,LLM,1
2,BoS,0,0,Base,LLM,0
2,BoS,0,0,Base,LLM,0
2,BoS,0,0,Base,LLM,0
3,PD,0,10,Prompted,LLM,0
3,PD,0,5,Prompted,LLM,1
3,PD,1,0,Prompted,LLM,0
3,PD,1,0,Prompted,LLM,0
3,PD,1,8,Prompted,LLM,0
3,PD,1,8,Prompted,LLM,0
3,PD,1,0,Prompted,LLM,0
3,PD,0,5,Prompted,LLM,1
3,PD,0,5,Prompted,LLM,1
3,PD,0,5,Prompted,LLM,1
3,BoS,0,0,Prompted,Human,0
3,BoS,1,0,Prompted,Human,0
3,BoS,1,7,Prompted,Human,1
3,BoS,0,0,Prompted,Human,0
3,BoS,0,0,Prompted,Human,0
3,BoS,0,10,Prompted,Human,1
3,BoS,0,10,Prompted,Human,1
3,BoS,0,0,Prompted,Human,0
3,BoS,1,0,Prompted,Human,0
3,BoS,0,10,Prompted,Human,1
4,PD,1,8,Prompted,Human,0
4,PD,1,8,Prompted,Human,0
4,PD,1,8,Prompted,Human,0
4,PD,1,8,Prompted,Human,0
4,PD,1,8,Prompted,Human,0
4,PD,1,8,Prompted,Human,0
4,PD,1,8,Prompted,Human,0
4,PD,1,8,Prompted,Human,0
4,PD,1,8,Prompted,Human,0
4,PD,1,8,Prompted,Human,0
4,BoS,0,0,Prompted,LLM,0
4,BoS,0,0,Prompted,LLM,0
4,BoS,0,10,Prompted,LLM,1
4,BoS,0,0,Prompted,LLM,0
4,BoS,0,10,Prompted,LLM,1
4,BoS,1,0,Prompted,LLM,0
4,BoS,0,0,Prompted,LLM,0
4,BoS,0,10,Prompted,LLM,1
4,BoS,0,10,Prompted,LLM,1
4,BoS,0,10,Prompted,LLM,1
5,BoS,0,0,Prompted,LLM,0
5,BoS,0,10,Prompted,LLM,1
5,BoS,1,0,Prompted,LLM,0
5,BoS,0,10,Prompted,LLM,1
5,BoS,0,10,Prompted,LLM,1
5,BoS,0,10,Prompted,LLM,1
5,BoS,0,0,Prompted,LLM,0
5,BoS,0,10,Prompted,LLM,1
5,BoS,0,0,Prompted,LLM,0
5,BoS,0,10,Prompted,LLM,1
5,PD,0,10,Prompted,LLM,0
5,PD,0,5,Prompted,LLM,1
5,PD,0,5,Prompted,LLM,1
5,PD,0,5,Prompted,LLM,1
5,PD,0,5,Prompted,LLM,1
5,PD,0,5,Prompted,LLM,1
5,PD,0,5,Prompted,LLM,1
5,PD,0,5,Prompted,LLM,1
5,PD,0,5,Prompted,LLM,1
5,PD,0,5,Prompted,LLM,1
6,BoS,0,0,Base,LLM,0
6,BoS,0,10,Base,LLM,1
6,BoS,1,0,Base,LLM,0
6,BoS,0,0,Base,LLM,0
6,BoS,0,0,Base,LLM,0
6,BoS,0,0,Base,LLM,0
6,BoS,1,7,Base,LLM,1
6,BoS,0,10,Base,LLM,1
6,BoS,1,0,Base,LLM,0
6,BoS,1,0,Base,LLM,0
6,PD,1,8,Base,Human,0
6,PD,1,8,Base,Human,0
6,PD,1,8,Base,Human,0
6,PD,1,8,Base,Human,0
6,PD,1,8,Base,Human,0
6,PD,1,8,Base,Human,0
6,PD,1,8,Base,Human,0
6,PD,1,8,Base,Human,0
6,PD,1,8,Base,Human,0
6,PD,1,8,Base,Human,0
7,BoS,1,7,Prompted,LLM,1
7,BoS,1,7,Prompted,LLM,1
7,BoS,0,0,Prompted,LLM,0
7,BoS,1,7,Prompted,LLM,1
7,BoS,1,7,Prompted,LLM,1
7,BoS,1,7,Prompted,LLM,1
7,BoS,1,7,Prompted,LLM,1
7,BoS,0,0,Prompted,LLM,0
7,BoS,1,7,Prompted,LLM,1
7,BoS,1,7,Prompted,LLM,1
7,PD,0,10,Prompted,Human,0
7,PD,0,5,Prompted,Human,1
7,PD,1,0,Prompted,Human,0
7,PD,1,0,Prompted,Human,0
7,PD,0,10,Prompted,Human,0
7,PD,0,5,Prompted,Human,1
7,PD,1,0,Prompted,Human,0
7,PD,0,10,Prompted,Human,0
7,PD,1,0,Prompted,Human,0
7,PD,1,0,Prompted,Human,0
8,BoS,1,7,Base,LLM,1
8,BoS,1,7,Base,LLM,1
8,BoS,1,7,Base,LLM,1
8,BoS,0,0,Base,LLM,0
8,BoS,0,0,Base,LLM,0
8,BoS,1,0,Base,LLM,0
8,BoS,1,7,Base,LLM,1
8,BoS,1,7,Base,LLM,1
8,BoS,1,7,Base,LLM,1
8,BoS,0,0,Base,LLM,0
8,PD,1,8,Base,Human,0
8,PD,1,8,Base,Human,0
8,PD,1,8,Base,Human,0
8,PD,0,10,Base,Human,0
8,PD,0,5,Base,Human,1
8,PD,0,10,Base,Human,0
8,PD,0,5,Base,Human,1
8,PD,0,5,Base,Human,1
8,PD,0,5,Base,Human,1
8,PD,0,5,Base,Human,1
9,BoS,0,0,Base,LLM,0
9,BoS,1,0,Base,LLM,0
9,BoS,1,0,Base,LLM,0
9,BoS,1,7,Base,LLM,1
9,BoS,1,7,Base,LLM,1
9,BoS,1,7,Base,LLM,1
9,BoS,1,7,Base,LLM,1
9,BoS,1,7,Base,LLM,1
9,BoS,1,7,Base,LLM,1
9,BoS,1,7,Base,LLM,1
9,PD,1,8,Base,Human,0
9,PD,0,10,Base,Human,0
9,PD,0,5,Base,Human,1
9,PD,0,10,Base,Human,0
9,PD,0,5,Base,Human,1
9,PD,0,5,Base,Human,1
9,PD,0,5,Base,Human,1
9,PD,0,5,Base,Human,1
9,PD,0,5,Base,Human,1
9,PD,0,5,Base,Human,1
10,PD,1,8,Prompted,Human,0
10,PD,1,8,Prompted,Human,0
10,PD,1,8,Prompted,Human,0
10,PD,1,8,Prompted,Human,0
10,PD,1,8,Prompted,Human,0
10,PD,1,8,Prompted,Human,0
10,PD,1,8,Prompted,Human,0
10,PD,1,8,Prompted,Human,0
10,PD,1,8,Prompted,Human,0
10,PD,0,10,Prompted,Human,0
10,BoS,1,7,Prompted,LLM,1
10,BoS,0,0,Prompted,LLM,0
10,BoS,0,0,Prompted,LLM,0
10,BoS,0,0,Prompted,LLM,0
10,BoS,0,0,Prompted,LLM,0
10,BoS,0,10,Prompted,LLM,1
10,BoS,1,0,Prompted,LLM,0
10,BoS,0,10,Prompted,LLM,1
10,BoS,0,0,Prompted,LLM,0
10,BoS,0,10,Prompted,LLM,1
11,PD,0,10,Prompted,Human,0
11,PD,0,5,Prompted,Human,1
11,PD,0,5,Prompted,Human,1
11,PD,1,0,Prompted,Human,0
11,PD,0,10,Prompted,Human,0
11,PD,0,5,Prompted,Human,1
11,PD,0,5,Prompted,Human,1
11,PD,0,5,Prompted,Human,1
11,PD,0,5,Prompted,Human,1
11,PD,0,5,Prompted,Human,1
11,BoS,0,0,Prompted,LLM,0
11,BoS,1,7,Prompted,LLM,1
11,BoS,1,7,Prompted,LLM,1
11,BoS,1,7,Prompted,LLM,1
11,BoS,1,7,Prompted,LLM,1
11,BoS,1,7,Prompted,LLM,1
11,BoS,1,7,Prompted,LLM,1
11,BoS,1,7,Prompted,LLM,1
11,BoS,1,7,Prompted,LLM,1
11,BoS,1,7,Prompted,LLM,1
12,PD,0,10,Base,Human,0
12,PD,0,5,Base,Human,1
12,PD,1,0,Base,Human,0
12,PD,0,10,Base,Human,0
12,PD,0,5,Base,Human,1
12,PD,0,5,Base,Human,1
12,PD,0,5,Base,Human,1
12,PD,0,5,Base,Human,1
12,PD,0,5,Base,Human,1
12,PD,0,5,Base,Human,1
12,BoS,0,0,Base,LLM,0
12,BoS,1,0,Base,LLM,0
12,BoS,0,10,Base,LLM,1
12,BoS,1,7,Base,LLM,1
12,BoS,0,0,Base,LLM,0
12,BoS,0,10,Base,LLM,1
12,BoS,1,7,Base,LLM,1
12,BoS,0,10,Base,LLM,1
12,BoS,1,7,Base,LLM,1
12,BoS,0,0,Base,LLM,0
13,PD,1,8,Prompted,Human,0
13,PD,0,10,Prompted,Human,0
13,PD,0,5,Prompted,Human,1
13,PD,1,8,Prompted,Human,0
13,PD,0,10,Prompted,Human,0
13,PD,1,0,Prompted,Human,0
13,PD,0,5,Prompted,Human,1
13,PD,0,10,Prompted,Human,0
13,PD,0,5,Prompted,Human,1
13,PD,1,0,Prompted,Human,0
13,BoS,0,0,Prompted,Human,0
13,BoS,0,0,Prompted,Human,0
13,BoS,0,0,Prompted,Human,0
13,BoS,1,7,Prompted,Human,1
13,BoS,0,10,Prompted,Human,1
13,BoS,0,10,Prompted,Human,1
13,BoS,0,10,Prompted,Human,1
13,BoS,1,0,Prompted,Human,0
13,BoS,0,10,Prompted,Human,1
13,BoS,0,10,Prompted,Human,1
14,PD,0,10,Base,LLM,0
14,PD,0,5,Base,LLM,1
14,PD,1,0,Base,LLM,0
14,PD,0,10,Base,LLM,0
14,PD,0,5,Base,LLM,1
14,PD,0,5,Base,LLM,1
14,PD,0,5,Base,LLM,1
14,PD,0,5,Base,LLM,1
14,PD,0,5,Base,LLM,1
14,PD,0,5,Base,LLM,1
14,BoS,1,7,Base,LLM,1
14,BoS,1,7,Base,LLM,1
14,BoS,1,7,Base,LLM,1
14,BoS,1,7,Base,LLM,1
14,BoS,0,0,Base,LLM,0
14,BoS,1,0,Base,LLM,0
14,BoS,0,0,Base,LLM,0
14,BoS,1,0,Base,LLM,0
14,BoS,0,10,Base,LLM,1
14,BoS,1,7,Base,LLM,1
15,BoS,0,0,Base,LLM,0
15,BoS,0,0,Base,LLM,0
15,BoS,1,0,Base,LLM,0
15,BoS,1,0,Base,LLM,0
15,BoS,0,0,Base,LLM,0
15,BoS,1,7,Base,LLM,1
15,BoS,0,10,Base,LLM,1
15,BoS,0,0,Base,LLM,0
15,BoS,1,0,Base,LLM,0
15,BoS,1,0,Base,LLM,0
15,PD,0,10,Base,Human,0
15,PD,0,5,Base,Human,1
15,PD,1,0,Base,Human,0
15,PD,1,0,Base,Human,0
15,PD,0,5,Base,Human,1
15,PD,0,5,Base,Human,1
15,PD,0,5,Base,Human,1
15,PD,0,5,Base,Human,1
15,PD,0,5,Base,Human,1
15,PD,0,5,Base,Human,1
16,BoS,0,0,Prompted,LLM,0
16,BoS,0,0,Prompted,LLM,0
16,BoS,1,7,Prompted,LLM,1
16,BoS,1,7,Prompted,LLM,1
16,BoS,1,7,Prompted,LLM,1
16,BoS,1,7,Prompted,LLM,1
16,BoS,1,7,Prompted,LLM,1
16,BoS,1,7,Prompted,LLM,1
16,BoS,1,7,Prompted,LLM,1
16,BoS,1,7,Prompted,LLM,1
16,PD,1,8,Prompted,LLM,0
16,PD,1,8,Prompted,LLM,0
16,PD,1,8,Prompted,LLM,0
16,PD,1,8,Prompted,LLM,0
16,PD,1,8,Prompted,LLM,0
16,PD,1,8,Prompted,LLM,0
16,PD,1,8,Prompted,LLM,0
16,PD,1,8,Prompted,LLM,0
16,PD,1,8,Prompted,LLM,0
16,PD,1,8,Prompted,LLM,0
17,PD,0,10,Prompted,Human,0
17,PD,1,0,Prompted,Human,0
17,PD,0,5,Prompted,Human,1
17,PD,0,5,Prompted,Human,1
17,PD,1,0,Prompted,Human,0
17,PD,0,5,Prompted,Human,1
17,PD,0,5,Prompted,Human,1
17,PD,0,5,Prompted,Human,1
17,PD,1,0,Prompted,Human,0
17,PD,1,0,Prompted,Human,0
17,BoS,0,0,Prompted,Human,0
17,BoS,1,7,Prompted,Human,1
17,BoS,0,7,Prompted,Human,0
17,BoS,1,0,Prompted,Human,0
17,BoS,0,0,Prompted,Human,0
17,BoS,0,0,Prompted,Human,0
17,BoS,1,0,Prompted,Human,0
17,BoS,0,7,Prompted,Human,0
17,BoS,1,7,Prompted,Human,1
17,BoS,0,10,Prompted,Human,1
18,PD,1,8,Prompted,LLM,0
18,PD,1,8,Prompted,LLM,0
18,PD,0,10,Prompted,LLM,0
18,PD,0,5,Prompted,LLM,1
18,PD,0,10,Prompted,LLM,0
18,PD,0,5,Prompted,LLM,1
18,PD,0,5,Prompted,LLM,1
18,PD,0,5,Prompted,LLM,1
18,PD,0,5,Prompted,LLM,1
18,PD,0,5,Prompted,LLM,1
18,BoS,1,7,Prompted,LLM,1
18,BoS,0,0,Prompted,LLM,0
18,BoS,0,0,Prompted,LLM,0
18,BoS,0,10,Prompted,LLM,1
18,BoS,0,10,Prompted,LLM,1
18,BoS,1,0,Prompted,LLM,0
18,BoS,0,10,Prompted,LLM,1
18,BoS,1,0,Prompted,LLM,0
18,BoS,0,0,Prompted,LLM,0
18,BoS,0,10,Prompted,LLM,1
19,BoS,1,7,Base,LLM,1
19,BoS,0,0,Base,LLM,0
19,BoS,1,7,Base,LLM,1
19,BoS,1,7,Base,LLM,1
19,BoS,0,0,Base,LLM,0
19,BoS,0,0,Base,LLM,0
19,BoS,1,7,Base,LLM,1
19,BoS,1,7,Base,LLM,1
19,BoS,1,7,Base,LLM,1
19,BoS,1,7,Base,LLM,1
19,PD,1,8,Base,LLM,0
19,PD,1,8,Base,LLM,0
19,PD,1,8,Base,LLM,0
19,PD,1,8,Base,LLM,0
19,PD,1,8,Base,LLM,0
19,PD,1,8,Base,LLM,0
19,PD,1,8,Base,LLM,0
19,PD,1,8,Base,LLM,0
19,PD,1,8,Base,LLM,0
19,PD,1,8,Base,LLM,0
20,BoS,1,7,Base,LLM,1
20,BoS,1,7,Base,LLM,1
20,BoS,1,7,Base,LLM,1
20,BoS,1,7,Base,LLM,1
20,BoS,1,7,Base,LLM,1
20,BoS,0,0,Base,LLM,0
20,BoS,0,10,Base,LLM,1
20,BoS,0,10,Base,LLM,1
20,BoS,0,0,Base,LLM,0
20,BoS,1,0,Base,LLM,0
20,PD,1,8,Base,Human,0
20,PD,1,8,Base,Human,0
20,PD,1,8,Base,Human,0
20,PD,1,8,Base,Human,0
20,PD,1,8,Base,Human,0
20,PD,1,8,Base,Human,0
20,PD,1,8,Base,Human,0
20,PD,1,8,Base,Human,0
20,PD,1,8,Base,Human,0
20,PD,1,8,Base,Human,0
21,PD,0,10,Base,LLM,0
21,PD,1,0,Base,LLM,0
21,PD,1,0,Base,LLM,0
21,PD,1,0,Base,LLM,0
21,PD,1,0,Base,LLM,0
21,PD,0,5,Base,LLM,1
21,PD,0,5,Base,LLM,1
21,PD,0,5,Base,LLM,1
21,PD,0,5,Base,LLM,1
21,PD,0,5,Base,LLM,1
21,BoS,1,7,Base,Human,1
21,BoS,1,7,Base,Human,1
21,BoS,1,7,Base,Human,1
21,BoS,0,0,Base,Human,0
21,BoS,1,7,Base,Human,1
21,BoS,1,7,Base,Human,1
21,BoS,0,0,Base,Human,0
21,BoS,0,0,Base,Human,0
21,BoS,1,0,Base,Human,0
21,BoS,0,0,Base,Human,0
22,PD,1,8,Base,Human,0
22,PD,0,10,Base,Human,0
22,PD,0,5,Base,Human,1
22,PD,1,0,Base,Human,0
22,PD,0,5,Base,Human,1
22,PD,0,5,Base,Human,1
22,PD,1,8,Base,Human,0
22,PD,0,10,Base,Human,0
22,PD,0,5,Base,Human,1
22,PD,1,0,Base,Human,0
22,BoS,1,7,Base,LLM,1
22,BoS,1,7,Base,LLM,1
22,BoS,1,7,Base,LLM,1
22,BoS,0,0,Base,LLM,0
22,BoS,0,0,Base,LLM,0
22,BoS,1,7,Base,LLM,1
22,BoS,1,7,Base,LLM,1
22,BoS,0,0,Base,LLM,0
22,BoS,0,0,Base,LLM,0
22,BoS,0,0,Base,LLM,0
23,BoS,0,0,Base,LLM,0
23,BoS,0,10,Base,LLM,1
23,BoS,1,7,Base,LLM,1
23,BoS,0,0,Base,LLM,0
23,BoS,1,0,Base,LLM,0
23,BoS,0,10,Base,LLM,1
23,BoS,1,0,Base,LLM,0
23,BoS,1,7,Base,LLM,1
23,BoS,0,0,Base,LLM,0
23,BoS,0,10,Base,LLM,1
23,PD,1,8,Base,Human,0
23,PD,1,8,Base,Human,0
23,PD,1,8,Base,Human,0
23,PD,1,8,Base,Human,0
23,PD,1,8,Base,Human,0
23,PD,1,8,Base,Human,0
23,PD,1,8,Base,Human,0
23,PD,1,8,Base,Human,0
23,PD,1,8,Base,Human,0
23,PD,1,8,Base,Human,0
24,BoS,1,7,Base,LLM,1
24,BoS,0,0,Base,LLM,0
24,BoS,0,0,Base,LLM,0
24,BoS,0,0,Base,LLM,0
24,BoS,0,10,Base,LLM,1
24,BoS,0,10,Base,LLM,1
24,BoS,0,0,Base,LLM,0
24,BoS,0,10,Base,LLM,1
24,BoS,0,0,Base,LLM,0
24,BoS,0,10,Base,LLM,1
24,PD,0,10,Base,Human,0
24,PD,0,5,Base,Human,1
24,PD,0,5,Base,Human,1
24,PD,0,10,Base,Human,0
24,PD,0,5,Base,Human,1
24,PD,0,5,Base,Human,1
24,PD,0,5,Base,Human,1
24,PD,0,5,Base,Human,1
24,PD,0,5,Base,Human,1
24,PD,0,5,Base,Human,1
25,BoS,1,7,Base,LLM,1
25,BoS,0,0,Base,LLM,0
25,BoS,1,0,Base,LLM,0
25,BoS,0,0,Base,LLM,0
25,BoS,0,10,Base,LLM,1
25,BoS,0,10,Base,LLM,1
25,BoS,0,10,Base,LLM,1
25,BoS,0,10,Base,LLM,1
25,BoS,0,10,Base,LLM,1
25,BoS,0,10,Base,LLM,1
25,PD,1,8,Base,LLM,0
25,PD,1,8,Base,LLM,0
25,PD,0,10,Base,LLM,0
25,PD,0,5,Base,LLM,1
25,PD,0,5,Base,LLM,1
25,PD,0,5,Base,LLM,1
25,PD,0,5,Base,LLM,1
25,PD,0,5,Base,LLM,1
25,PD,0,5,Base,LLM,1
25,PD,0,5,Base,LLM,1
26,PD,0,10,Prompted,LLM,0
26,PD,0,5,Prompted,LLM,1
26,PD,0,5,Prompted,LLM,1
26,PD,0,5,Prompted,LLM,1
26,PD,0,5,Prompted,LLM,1
26,PD,0,5,Prompted,LLM,1
26,PD,0,5,Prompted,LLM,1
26,PD,0,5,Prompted,LLM,1
26,PD,0,5,Prompted,LLM,1
26,PD,0,5,Prompted,LLM,1
26,BoS,0,0,Prompted,Human,0
26,BoS,0,0,Prompted,Human,0
26,BoS,0,10,Prompted,Human,1
26,BoS,0,10,Prompted,Human,1
26,BoS,0,0,Prompted,Human,0
26,BoS,0,10,Prompted,Human,1
26,BoS,0,10,Prompted,Human,1
26,BoS,0,10,Prompted,Human,1
26,BoS,0,10,Prompted,Human,1
26,BoS,0,10,Prompted,Human,1
27,BoS,1,7,Base,LLM,1
27,BoS,0,0,Base,LLM,0
27,BoS,1,0,Base,LLM,0
27,BoS,0,0,Base,LLM,0
27,BoS,0,10,Base,LLM,1
27,BoS,1,7,Base,LLM,1
27,BoS,0,0,Base,LLM,0
27,BoS,1,7,Base,LLM,1
27,BoS,0,10,Base,LLM,1
27,BoS,0,0,Base,LLM,0
27,PD,1,8,Base,LLM,0
27,PD,1,8,Base,LLM,0
27,PD,1,8,Base,LLM,0
27,PD,1,8,Base,LLM,0
27,PD,1,8,Base,LLM,0
27,PD,1,8,Base,LLM,0
27,PD,0,10,Base,LLM,0
27,PD,1,0,Base,LLM,0
27,PD,0,5,Base,LLM,1
27,PD,1,8,Base,LLM,0
28,BoS,1,7,Base,Human,1
28,BoS,1,7,Base,Human,1
28,BoS,0,0,Base,Human,0
28,BoS,0,0,Base,Human,0
28,BoS,0,0,Base,Human,0
28,BoS,0,0,Base,Human,0
28,BoS,0,10,Base,Human,1
28,BoS,0,0,Base,Human,0
28,BoS,0,10,Base,Human,1
28,BoS,0,10,Base,Human,1
28,PD,1,8,Base,Human,0
28,PD,1,8,Base,Human,0
28,PD,1,8,Base,Human,0
28,PD,1,8,Base,Human,0
28,PD,1,8,Base,Human,0
28,PD,0,10,Base,Human,0
28,PD,0,5,Base,Human,1
28,PD,0,5,Base,Human,1
28,PD,1,0,Base,Human,0
28,PD,0,5,Base,Human,1
29,PD,0,10,Base,LLM,0
29,PD,0,5,Base,LLM,1
29,PD,1,0,Base,LLM,0
29,PD,0,10,Base,LLM,0
29,PD,0,5,Base,LLM,1
29,PD,1,0,Base,LLM,0
29,PD,0,5,Base,LLM,1
29,PD,0,5,Base,LLM,1
29,PD,0,5,Base,LLM,1
29,PD,0,5,Base,LLM,1
29,BoS,0,0,Base,Human,0
29,BoS,0,0,Base,Human,0
29,BoS,0,10,Base,Human,1
29,BoS,0,10,Base,Human,1
29,BoS,0,10,Base,Human,1
29,BoS,0,10,Base,Human,1
29,BoS,0,10,Base,Human,1
29,BoS,1,0,Base,Human,0
29,BoS,1,0,Base,Human,0
29,BoS,1,0,Base,Human,0
30,PD,1,8,Base,LLM,0
30,PD,0,10,Base,LLM,0
30,PD,0,5,Base,LLM,1
30,PD,0,10,Base,LLM,0
30,PD,0,5,Base,LLM,1
30,PD,0,5,Base,LLM,1
30,PD,0,5,Base,LLM,1
30,PD,0,5,Base,LLM,1
30,PD,0,5,Base,LLM,1
30,PD,0,5,Base,LLM,1
30,BoS,1,7,Base,Human,1
30,BoS,0,0,Base,Human,0
30,BoS,0,10,Base,Human,1
30,BoS,1,0,Base,Human,0
30,BoS,1,7,Base,Human,1
30,BoS,0,10,Base,Human,1
30,BoS,1,7,Base,Human,1
30,BoS,0,0,Base,Human,0
30,BoS,1,7,Base,Human,1
30,BoS,0,0,Base,Human,0
31,PD,1,8,Prompted,Human,0
31,PD,1,8,Prompted,Human,0
31,PD,1,8,Prompted,Human,0
31,PD,1,8,Prompted,Human,0
31,PD,1,8,Prompted,Human,0
31,PD,1,8,Prompted,Human,0
31,PD,1,8,Prompted,Human,0
31,PD,1,8,Prompted,Human,0
31,PD,1,8,Prompted,Human,0
31,PD,1,8,Prompted,Human,0
31,BoS,0,0,Prompted,Human,0
31,BoS,0,0,Prompted,Human,0
31,BoS,0,10,Prompted,Human,1
31,BoS,0,0,Prompted,Human,0
31,BoS,0,10,Prompted,Human,1
31,BoS,0,10,Prompted,Human,1
31,BoS,0,10,Prompted,Human,1
31,BoS,0,10,Prompted,Human,1
31,BoS,0,10,Prompted,Human,1
31,BoS,0,10,Prompted,Human,1
32,PD,1,8,Prompted,LLM,0
32,PD,0,10,Prompted,LLM,0
32,PD,0,5,Prompted,LLM,1
32,PD,0,10,Prompted,LLM,0
32,PD,0,5,Prompted,LLM,1
32,PD,0,5,Prompted,LLM,1
32,PD,0,5,Prompted,LLM,1
32,PD,0,5,Prompted,LLM,1
32,PD,0,5,Prompted,LLM,1
32,PD,0,5,Prompted,LLM,1
32,BoS,0,0,Prompted,Human,0
32,BoS,1,7,Prompted,Human,1
32,BoS,1,0,Prompted,Human,0
32,BoS,0,0,Prompted,Human,0
32,BoS,0,0,Prompted,Human,0
32,BoS,0,0,Prompted,Human,0
32,BoS,0,0,Prompted,Human,0
32,BoS,0,10,Prompted,Human,1
32,BoS,0,0,Prompted,Human,0
32,BoS,0,10,Prompted,Human,1
33,BoS,0,0,Base,Human,0
33,BoS,1,0,Base,Human,0
33,BoS,1,0,Base,Human,0
33,BoS,0,0,Base,Human,0
33,BoS,0,10,Base,Human,1
33,BoS,0,10,Base,Human,1
33,BoS,0,0,Base,Human,0
33,BoS,1,7,Base,Human,1
33,BoS,1,0,Base,Human,0
33,BoS,1,7,Base,Human,1
33,PD,0,10,Base,LLM,0
33,PD,0,5,Base,LLM,1
33,PD,1,0,Base,LLM,0
33,PD,1,0,Base,LLM,0
33,PD,0,5,Base,LLM,1
33,PD,0,5,Base,LLM,1
33,PD,0,5,Base,LLM,1
33,PD,0,5,Base,LLM,1
33,PD,0,5,Base,LLM,1
33,PD,0,5,Base,LLM,1
34,PD,0,10,Base,LLM,0
34,PD,1,0,Base,LLM,0
34,PD,0,10,Base,LLM,0
34,PD,1,0,Base,LLM,0
34,PD,0,5,Base,LLM,1
34,PD,0,5,Base,LLM,1
34,PD,0,5,Base,LLM,1
34,PD,0,5,Base,LLM,1
34,PD,0,5,Base,LLM,1
34,PD,0,5,Base,LLM,1
34,BoS,1,7,Base,LLM,1
34,BoS,0,0,Base,LLM,0
34,BoS,1,0,Base,LLM,0
34,BoS,1,7,Base,LLM,1
34,BoS,1,7,Base,LLM,1
34,BoS,1,7,Base,LLM,1
34,BoS,1,7,Base,LLM,1
34,BoS,1,7,Base,LLM,1
34,BoS,1,7,Base,LLM,1
34,BoS,1,7,Base,LLM,1
35,BoS,0,0,Prompted,Human,0
35,BoS,0,10,Prompted,Human,1
35,BoS,0,10,Prompted,Human,1
35,BoS,1,0,Prompted,Human,0
35,BoS,0,10,Prompted,Human,1
35,BoS,0,10,Prompted,Human,1
35,BoS,0,0,Prompted,Human,0
35,BoS,0,0,Prompted,Human,0
35,BoS,0,10,Prompted,Human,1
35,BoS,0,10,Prompted,Human,1
35,PD,0,10,Prompted,Human,0
35,PD,0,5,Prompted,Human,1
35,PD,0,5,Prompted,Human,1
35,PD,0,5,Prompted,Human,1
35,PD,0,5,Prompted,Human,1
35,PD,0,5,Prompted,Human,1
35,PD,0,5,Prompted,Human,1
35,PD,0,5,Prompted,Human,1
35,PD,0,5,Prompted,Human,1
35,PD,0,5,Prompted,Human,1
36,BoS,1,7,Prompted,Human,1
36,BoS,0,0,Prompted,Human,0
36,BoS,1,7,Prompted,Human,1
36,BoS,1,7,Prompted,Human,1
36,BoS,1,7,Prompted,Human,1
36,BoS,0,0,Prompted,Human,0
36,BoS,0,0,Prompted,Human,0
36,BoS,1,0,Prompted,Human,0
36,BoS,0,0,Prompted,Human,0
36,BoS,0,0,Prompted,Human,0
36,PD,1,8,Prompted,Human,0
36,PD,1,8,Prompted,Human,0
36,PD,1,8,Prompted,Human,0
36,PD,1,8,Prompted,Human,0
36,PD,1,8,Prompted,Human,0
36,PD,1,8,Prompted,Human,0
36,PD,1,8,Prompted,Human,0
36,PD,1,8,Prompted,Human,0
36,PD,1,8,Prompted,Human,0
36,PD,1,8,Prompted,Human,0
37,BoS,1,7,Base,LLM,1
37,BoS,0,0,Base,LLM,0
37,BoS,1,7,Base,LLM,1
37,BoS,1,7,Base,LLM,1
37,BoS,1,7,Base,LLM,1
37,BoS,1,7,Base,LLM,1
37,BoS,0,0,Base,LLM,0
37,BoS,0,0,Base,LLM,0
37,BoS,1,0,Base,LLM,0
37,BoS,1,0,Base,LLM,0
37,PD,1,8,Base,LLM,0
37,PD,0,10,Base,LLM,0
37,PD,1,0,Base,LLM,0
37,PD,1,8,Base,LLM,0
37,PD,0,10,Base,LLM,0
37,PD,0,5,Base,LLM,1
37,PD,1,8,Base,LLM,0
37,PD,1,0,Base,LLM,0
37,PD,1,8,Base,LLM,0
37,PD,0,5,Base,LLM,1
38,BoS,1,7,Base,LLM,1
38,BoS,0,0,Base,LLM,0
38,BoS,1,0,Base,LLM,0
38,BoS,0,0,Base,LLM,0
38,BoS,0,0,Base,LLM,0
38,BoS,0,0,Base,LLM,0
38,BoS,0,0,Base,LLM,0
38,BoS,1,7,Base,LLM,1
38,BoS,0,7,Base,LLM,0
38,BoS,1,7,Base,LLM,0
38,PD,1,8,Base,Human,0
38,PD,1,8,Base,Human,0
38,PD,1,8,Base,Human,0
38,PD,1,8,Base,Human,0
38,PD,1,8,Base,Human,0
38,PD,0,10,Base,Human,0
38,PD,0,5,Base,Human,1
38,PD,0,5,Base,Human,1
38,PD,0,5,Base,Human,1
38,PD,0,5,Base,Human,1
39,PD,0,10,Prompted,LLM,0
39,PD,1,0,Prompted,LLM,0
39,PD,1,0,Prompted,LLM,0
39,PD,0,5,Prompted,LLM,1
39,PD,0,10,Prompted,LLM,0
39,PD,0,5,Prompted,LLM,1
39,PD,0,5,Prompted,LLM,1
39,PD,1,0,Prompted,LLM,0
39,PD,0,5,Prompted,LLM,1
39,PD,0,5,Prompted,LLM,1
39,BoS,0,0,Prompted,Human,0
39,BoS,1,0,Prompted,Human,0
39,BoS,1,0,Prompted,Human,0
39,BoS,1,7,Prompted,Human,1
39,BoS,0,0,Prompted,Human,0
39,BoS,0,10,Prompted,Human,1
39,BoS,0,0,Prompted,Human,0
39,BoS,0,10,Prompted,Human,1
39,BoS,0,10,Prompted,Human,1
39,BoS,0,10,Prompted,Human,1
40,BoS,0,0,Prompted,Human,0
40,BoS,1,0,Prompted,Human,0
40,BoS,0,0,Prompted,Human,0
40,BoS,0,10,Prompted,Human,1
40,BoS,0,0,Prompted,Human,0
40,BoS,1,7,Prompted,Human,1
40,BoS,0,10,Prompted,Human,1
40,BoS,1,0,Prompted,Human,0
40,BoS,0,0,Prompted,Human,0
40,BoS,1,7,Prompted,Human,1
40,PD,1,8,Prompted,LLM,0
40,PD,1,8,Prompted,LLM,0
40,PD,1,8,Prompted,LLM,0
40,PD,1,8,Prompted,LLM,0
40,PD,1,8,Prompted,LLM,0
40,PD,1,8,Prompted,LLM,0
40,PD,1,8,Prompted,LLM,0
40,PD,1,8,Prompted,LLM,0
40,PD,1,8,Prompted,LLM,0
40,PD,1,8,Prompted,LLM,0
41,PD,0,10,Prompted,LLM,0
41,PD,0,5,Prompted,LLM,1
41,PD,1,0,Prompted,LLM,0
41,PD,0,10,Prompted,LLM,0
41,PD,1,0,Prompted,LLM,0
41,PD,0,5,Prompted,LLM,1
41,PD,0,5,Prompted,LLM,1
41,PD,0,5,Prompted,LLM,1
41,PD,0,5,Prompted,LLM,1
41,PD,0,5,Prompted,LLM,1
41,BoS,1,7,Prompted,Human,1
41,BoS,0,0,Prompted,Human,0
41,BoS,0,0,Prompted,Human,0
41,BoS,0,0,Prompted,Human,0
41,BoS,0,0,Prompted,Human,0
41,BoS,0,10,Prompted,Human,1
41,BoS,0,10,Prompted,Human,1
41,BoS,0,10,Prompted,Human,1
41,BoS,0,0,Prompted,Human,0
41,BoS,0,10,Prompted,Human,1
42,PD,1,8,Base,LLM,0
42,PD,1,8,Base,LLM,0
42,PD,1,8,Base,LLM,0
42,PD,1,8,Base,LLM,0
42,PD,1,8,Base,LLM,0
42,PD,1,8,Base,LLM,0
42,PD,1,8,Base,LLM,0
42,PD,1,8,Base,LLM,0
42,PD,1,8,Base,LLM,0
42,PD,1,8,Base,LLM,0
42,BoS,0,0,Base,Human,0
42,BoS,0,0,Base,Human,0
42,BoS,1,0,Base,Human,0
42,BoS,1,7,Base,Human,1
42,BoS,1,7,Base,Human,1
42,BoS,1,7,Base,Human,1
42,BoS,1,7,Base,Human,1
42,BoS,1,7,Base,Human,1
42,BoS,1,7,Base,Human,1
42,BoS,1,7,Base,Human,1
43,BoS,1,7,Prompted,LLM,1
43,BoS,1,7,Prompted,LLM,1
43,BoS,0,0,Prompted,LLM,0
43,BoS,1,7,Prompted,LLM,1
43,BoS,1,7,Prompted,LLM,1
43,BoS,1,7,Prompted,LLM,1
43,BoS,1,7,Prompted,LLM,1
43,BoS,1,7,Prompted,LLM,1
43,BoS,1,7,Prompted,LLM,1
43,BoS,1,7,Prompted,LLM,1
43,PD,0,10,Prompted,Human,0
43,PD,0,5,Prompted,Human,1
43,PD,0,5,Prompted,Human,1
43,PD,0,10,Prompted,Human,0
43,PD,0,5,Prompted,Human,1
43,PD,0,5,Prompted,Human,1
43,PD,0,5,Prompted,Human,1
43,PD,0,5,Prompted,Human,1
43,PD,0,5,Prompted,Human,1
43,PD,0,5,Prompted,Human,1
44,BoS,1,7,Prompted,LLM,1
44,BoS,1,7,Prompted,LLM,1
44,BoS,1,7,Prompted,LLM,1
44,BoS,0,0,Prompted,LLM,0
44,BoS,1,7,Prompted,LLM,1
44,BoS,1,7,Prompted,LLM,1
44,BoS,1,7,Prompted,LLM,1
44,BoS,1,7,Prompted,LLM,1
44,BoS,1,7,Prompted,LLM,1
44,BoS,1,7,Prompted,LLM,1
44,PD,0,10,Prompted,Human,0
44,PD,0,5,Prompted,Human,1
44,PD,0,5,Prompted,Human,1
44,PD,1,8,Prompted,Human,0
44,PD,1,8,Prompted,Human,0
44,PD,0,5,Prompted,Human,1
44,PD,0,5,Prompted,Human,1
44,PD,1,0,Prompted,Human,0
44,PD,1,0,Prompted,Human,0
44,PD,0,5,Prompted,Human,1
45,BoS,1,7,Prompted,Human,1
45,BoS,0,0,Prompted,Human,0
45,BoS,1,0,Prompted,Human,0
45,BoS,0,0,Prompted,Human,0
45,BoS,1,7,Prompted,Human,1
45,BoS,0,0,Prompted,Human,0
45,BoS,1,0,Prompted,Human,0
45,BoS,0,10,Prompted,Human,1
45,BoS,1,0,Prompted,Human,0
45,BoS,0,0,Prompted,Human,0
45,PD,1,8,Prompted,LLM,0
45,PD,1,8,Prompted,LLM,0
45,PD,1,8,Prompted,LLM,0
45,PD,1,8,Prompted,LLM,0
45,PD,1,8,Prompted,LLM,0
45,PD,1,8,Prompted,LLM,0
45,PD,1,8,Prompted,LLM,0
45,PD,1,8,Prompted,LLM,0
45,PD,1,8,Prompted,LLM,0
45,PD,0,10,Prompted,LLM,0
46,BoS,0,0,Base,Human,0
46,BoS,1,0,Base,Human,0
46,BoS,1,0,Base,Human,0
46,BoS,0,0,Base,Human,0
46,BoS,0,0,Base,Human,0
46,BoS,1,0,Base,Human,0
46,BoS,1,7,Base,Human,1
46,BoS,1,7,Base,Human,1
46,BoS,0,0,Base,Human,0
46,BoS,0,0,Base,Human,0
46,PD,0,10,Base,LLM,0
46,PD,1,0,Base,LLM,0
46,PD,0,5,Base,LLM,1
46,PD,0,5,Base,LLM,1
46,PD,0,5,Base,LLM,1
46,PD,1,0,Base,LLM,0
46,PD,0,5,Base,LLM,1
46,PD,0,5,Base,LLM,1
46,PD,0,5,Base,LLM,1
46,PD,1,0,Base,LLM,0
47,BoS,1,7,Base,Human,1
47,BoS,0,0,Base,Human,0
47,BoS,0,0,Base,Human,0
47,BoS,1,0,Base,Human,0
47,BoS,0,0,Base,Human,0
47,BoS,0,0,Base,Human,0
47,BoS,0,10,Base,Human,1
47,BoS,0,0,Base,Human,0
47,BoS,0,0,Base,Human,0
47,BoS,0,10,Base,Human,1
47,PD,0,10,Base,LLM,0
47,PD,0,5,Base,LLM,1
47,PD,0,5,Base,LLM,1
47,PD,0,10,Base,LLM,0
47,PD,1,0,Base,LLM,0
47,PD,0,10,Base,LLM,0
47,PD,0,10,Base,LLM,0
47,PD,0,5,Base,LLM,1
47,PD,0,5,Base,LLM,1
47,PD,0,5,Base,LLM,1
48,BoS,1,7,Prompted,Human,1
48,BoS,0,0,Prompted,Human,0
48,BoS,0,10,Prompted,Human,1
48,BoS,0,10,Prompted,Human,1
48,BoS,1,7,Prompted,Human,1
48,BoS,1,7,Prompted,Human,1
48,BoS,0,0,Prompted,Human,0
48,BoS,0,0,Prompted,Human,0
48,BoS,0,0,Prompted,Human,0
48,BoS,0,0,Prompted,Human,0
48,PD,1,8,Prompted,Human,0
48,PD,1,8,Prompted,Human,0
48,PD,0,10,Prompted,Human,0
48,PD,0,5,Prompted,Human,1
48,PD,0,5,Prompted,Human,1
48,PD,0,5,Prompted,Human,1
48,PD,0,5,Prompted,Human,1
48,PD,0,5,Prompted,Human,1
48,PD,0,5,Prompted,Human,1
48,PD,0,5,Prompted,Human,1
49,PD,0,10,Prompted,LLM,0
49,PD,1,0,Prompted,LLM,0
49,PD,1,8,Prompted,LLM,0
49,PD,1,0,Prompted,LLM,0
49,PD,0,5,Prompted,LLM,1
49,PD,0,10,Prompted,LLM,0
49,PD,0,5,Prompted,LLM,1
49,PD,1,0,Prompted,LLM,0
49,PD,0,5,Prompted,LLM,1
49,PD,0,5,Prompted,LLM,1
49,BoS,1,7,Prompted,LLM,1
49,BoS,1,7,Prompted,LLM,1
49,BoS,1,7,Prompted,LLM,1
49,BoS,1,7,Prompted,LLM,1
49,BoS,0,0,Prompted,LLM,0
49,BoS,0,0,Prompted,LLM,0
49,BoS,1,0,Prompted,LLM,0
49,BoS,0,0,Prompted,LLM,0
49,BoS,0,10,Prompted,LLM,1
49,BoS,0,10,Prompted,LLM,1
50,PD,1,8,Base,Human,0
50,PD,1,8,Base,Human,0
50,PD,0,10,Base,Human,0
50,PD,1,0,Base,Human,0
50,PD,0,10,Base,Human,0
50,PD,0,5,Base,Human,1
50,PD,1,0,Base,Human,0
50,PD,0,5,Base,Human,1
50,PD,0,5,Base,Human,1
50,PD,0,5,Base,Human,1
50,BoS,0,0,Base,LLM,0
50,BoS,0,0,Base,LLM,0
50,BoS,1,7,Base,LLM,1
50,BoS,1,0,Base,LLM,0
50,BoS,1,7,Base,LLM,1
50,BoS,1,7,Base,LLM,1
50,BoS,0,0,Base,LLM,0
50,BoS,1,7,Base,LLM,1
50,BoS,1,7,Base,LLM,1
50,BoS,1,7,Base,LLM,1
51,BoS,0,0,Prompted,LLM,0
51,BoS,1,7,Prompted,LLM,1
51,BoS,1,0,Prompted,LLM,0
51,BoS,0,0,Prompted,LLM,0
51,BoS,0,10,Prompted,LLM,1
51,BoS,0,10,Prompted,LLM,1
51,BoS,0,0,Prompted,LLM,0
51,BoS,0,0,Prompted,LLM,0
51,BoS,0,10,Prompted,LLM,1
51,BoS,0,10,Prompted,LLM,1
51,PD,0,10,Prompted,Human,0
51,PD,0,5,Prompted,Human,1
51,PD,0,5,Prompted,Human,1
51,PD,0,5,Prompted,Human,1
51,PD,0,5,Prompted,Human,1
51,PD,0,5,Prompted,Human,1
51,PD,0,5,Prompted,Human,1
51,PD,0,5,Prompted,Human,1
51,PD,0,5,Prompted,Human,1
51,PD,0,5,Prompted,Human,1
52,PD,0,10,Base,LLM,0
52,PD,0,5,Base,LLM,1
52,PD,1,0,Base,LLM,0
52,PD,0,5,Base,LLM,1
52,PD,0,5,Base,LLM,1
52,PD,0,5,Base,LLM,1
52,PD,1,0,Base,LLM,0
52,PD,0,5,Base,LLM,1
52,PD,0,5,Base,LLM,1
52,PD,0,5,Base,LLM,1
52,BoS,0,0,Base,Human,0
52,BoS,0,0,Base,Human,0
52,BoS,0,0,Base,Human,0
52,BoS,0,10,Base,Human,1
52,BoS,0,10,Base,Human,1
52,BoS,0,10,Base,Human,1
52,BoS,0,10,Base,Human,1
52,BoS,0,10,Base,Human,1
52,BoS,0,10,Base,Human,1
52,BoS,0,10,Base,Human,1
53,BoS,0,0,Base,LLM,0
53,BoS,0,0,Base,LLM,0
53,BoS,0,0,Base,LLM,0
53,BoS,0,0,Base,LLM,0
53,BoS,1,0,Base,LLM,0
53,BoS,1,0,Base,LLM,0
53,BoS,0,0,Base,LLM,0
53,BoS,0,0,Base,LLM,0
53,BoS,0,0,Base,LLM,0
53,BoS,1,7,Base,LLM,1
53,PD,0,10,Base,Human,0
53,PD,1,0,Base,Human,0
53,PD,1,8,Base,Human,0
53,PD,0,5,Base,Human,1
53,PD,0,5,Base,Human,1
53,PD,0,5,Base,Human,1
53,PD,0,5,Base,Human,1
53,PD,0,5,Base,Human,1
53,PD,0,5,Base,Human,1
53,PD,0,5,Base,Human,1
54,BoS,0,0,Prompted,LLM,0
54,BoS,1,7,Prompted,LLM,1
54,BoS,1,0,Prompted,LLM,0
54,BoS,1,7,Prompted,LLM,1
54,BoS,0,0,Prompted,LLM,0
54,BoS,0,10,Prompted,LLM,1
54,BoS,0,0,Prompted,LLM,0
54,BoS,0,10,Prompted,LLM,1
54,BoS,0,10,Prompted,LLM,1
54,BoS,1,7,Prompted,LLM,1
54,PD,0,10,Prompted,Human,0
54,PD,0,5,Prompted,Human,1
54,PD,0,5,Prompted,Human,1
54,PD,0,5,Prompted,Human,1
54,PD,0,5,Prompted,Human,1
54,PD,1,0,Prompted,Human,0
54,PD,1,0,Prompted,Human,0
54,PD,1,0,Prompted,Human,0
54,PD,0,5,Prompted,Human,1
54,PD,0,5,Prompted,Human,1
55,BoS,0,0,Prompted,Human,0
55,BoS,0,0,Prompted,Human,0
55,BoS,0,0,Prompted,Human,0
55,BoS,0,0,Prompted,Human,0
55,BoS,1,7,Prompted,Human,1
55,BoS,1,0,Prompted,Human,0
55,BoS,1,7,Prompted,Human,1
55,BoS,1,7,Prompted,Human,1
55,BoS,1,7,Prompted,Human,1
55,BoS,1,7,Prompted,Human,1
55,PD,1,8,Prompted,Human,0
55,PD,1,8,Prompted,Human,0
55,PD,1,8,Prompted,Human,0
55,PD,1,8,Prompted,Human,0
55,PD,1,8,Prompted,Human,0
55,PD,1,8,Prompted,Human,0
55,PD,1,8,Prompted,Human,0
55,PD,1,8,Prompted,Human,0
55,PD,1,8,Prompted,Human,0
55,PD,1,8,Prompted,Human,0
56,PD,0,10,Base,LLM,0
56,PD,0,5,Base,LLM,1
56,PD,0,5,Base,LLM,1
56,PD,1,0,Base,LLM,0
56,PD,1,0,Base,LLM,0
56,PD,0,10,Base,LLM,0
56,PD,0,5,Base,LLM,1
56,PD,0,5,Base,LLM,1
56,PD,0,5,Base,LLM,1
56,PD,0,5,Base,LLM,1
56,BoS,0,0,Base,LLM,0
56,BoS,0,0,Base,LLM,0
56,BoS,1,0,Base,LLM,0
56,BoS,0,10,Base,LLM,1
56,BoS,0,10,Base,LLM,1
56,BoS,0,10,Base,LLM,1
56,BoS,0,10,Base,LLM,1
56,BoS,0,10,Base,LLM,1
56,BoS,0,0,Base,LLM,0
56,BoS,0,0,Base,LLM,0
57,BoS,0,0,Base,LLM,0
57,BoS,0,0,Base,LLM,0
57,BoS,1,0,Base,LLM,0
57,BoS,0,10,Base,LLM,1
57,BoS,0,0,Base,LLM,0
57,BoS,0,0,Base,LLM,0
57,BoS,0,0,Base,LLM,0
57,BoS,0,10,Base,LLM,1
57,BoS,0,0,Base,LLM,0
57,BoS,0,10,Base,LLM,1
57,PD,1,8,Base,LLM,0
57,PD,1,8,Base,LLM,0
57,PD,1,8,Base,LLM,0
57,PD,1,8,Base,LLM,0
57,PD,1,8,Base,LLM,0
57,PD,1,8,Base,LLM,0
57,PD,1,8,Base,LLM,0
57,PD,1,8,Base,LLM,0
57,PD,1,8,Base,LLM,0
57,PD,1,8,Base,LLM,0
58,PD,1,8,Base,Human,0
58,PD,1,8,Base,Human,0
58,PD,1,8,Base,Human,0
58,PD,1,8,Base,Human,0
58,PD,1,8,Base,Human,0
58,PD,1,8,Base,Human,0
58,PD,1,8,Base,Human,0
58,PD,1,8,Base,Human,0
58,PD,1,8,Base,Human,0
58,PD,1,8,Base,Human,0
58,BoS,1,7,Base,Human,1
58,BoS,0,0,Base,Human,0
58,BoS,1,7,Base,Human,1
58,BoS,1,7,Base,Human,1
58,BoS,1,7,Base,Human,1
58,BoS,1,7,Base,Human,1
58,BoS,1,7,Base,Human,1
58,BoS,1,7,Base,Human,1
58,BoS,1,7,Base,Human,1
58,BoS,1,7,Base,Human,1
59,BoS,1,7,Prompted,Human,1
59,BoS,0,0,Prompted,Human,0
59,BoS,0,10,Prompted,Human,1
59,BoS,0,0,Prompted,Human,0
59,BoS,0,0,Prompted,Human,0
59,BoS,1,0,Prompted,Human,0
59,BoS,0,0,Prompted,Human,0
59,BoS,0,10,Prompted,Human,1
59,BoS,0,10,Prompted,Human,1
59,BoS,0,10,Prompted,Human,1
59,PD,0,10,Prompted,LLM,0
59,PD,0,5,Prompted,LLM,1
59,PD,1,0,Prompted,LLM,0
59,PD,0,5,Prompted,LLM,1
59,PD,0,5,Prompted,LLM,1
59,PD,1,0,Prompted,LLM,0
59,PD,0,5,Prompted,LLM,1
59,PD,0,5,Prompted,LLM,1
59,PD,1,0,Prompted,LLM,0
59,PD,0,5,Prompted,LLM,1
60,PD,1,8,Base,LLM,0
60,PD,0,10,Base,LLM,0
60,PD,0,5,Base,LLM,1
60,PD,0,10,Base,LLM,0
60,PD,1,0,Base,LLM,0
60,PD,0,5,Base,LLM,1
60,PD,0,5,Base,LLM,1
60,PD,1,0,Base,LLM,0
60,PD,1,0,Base,LLM,0
60,PD,1,0,Base,LLM,0
60,BoS,1,7,Base,LLM,1
60,BoS,0,0,Base,LLM,0
60,BoS,0,10,Base,LLM,1
60,BoS,1,0,Base,LLM,0
60,BoS,1,7,Base,LLM,1
60,BoS,1,7,Base,LLM,1
60,BoS,0,0,Base,LLM,0
60,BoS,1,7,Base,LLM,1
60,BoS,0,10,Base,LLM,1
60,BoS,0,0,Base,LLM,0
61,BoS,1,7,Base,LLM,1
61,BoS,1,7,Base,LLM,1
61,BoS,0,0,Base,LLM,0
61,BoS,0,0,Base,LLM,0
61,BoS,1,7,Base,LLM,1
61,BoS,1,7,Base,LLM,1
61,BoS,1,7,Base,LLM,1
61,BoS,1,7,Base,LLM,1
61,BoS,1,7,Base,LLM,1
61,BoS,1,7,Base,LLM,1
61,PD,1,8,Base,Human,0
61,PD,1,8,Base,Human,0
61,PD,1,8,Base,Human,0
61,PD,1,8,Base,Human,0
61,PD,1,8,Base,Human,0
61,PD,1,8,Base,Human,0
61,PD,1,8,Base,Human,0
61,PD,1,8,Base,Human,0
61,PD,1,8,Base,Human,0
61,PD,1,8,Base,Human,0
62,BoS,0,0,Base,LLM,0
62,BoS,1,0,Base,LLM,0
62,BoS,1,0,Base,LLM,0
62,BoS,1,7,Base,LLM,1
62,BoS,1,7,Base,LLM,1
62,BoS,1,7,Base,LLM,1
62,BoS,1,7,Base,LLM,1
62,BoS,0,0,Base,LLM,0
62,BoS,1,7,Base,LLM,1
62,BoS,0,0,Base,LLM,0
62,PD,0,10,Base,Human,0
62,PD,0,5,Base,Human,1
62,PD,1,0,Base,Human,0
62,PD,0,5,Base,Human,1
62,PD,0,5,Base,Human,1
62,PD,0,5,Base,Human,1
62,PD,0,5,Base,Human,1
62,PD,1,0,Base,Human,0
62,PD,0,5,Base,Human,1
62,PD,0,5,Base,Human,1
63,BoS,0,0,Prompted,Human,0
63,BoS,0,0,Prompted,Human,0
63,BoS,0,0,Prompted,Human,0
63,BoS,1,7,Prompted,Human,1
63,BoS,1,7,Prompted,Human,1
63,BoS,1,7,Prompted,Human,1
63,BoS,1,7,Prompted,Human,1
63,BoS,1,7,Prompted,Human,1
63,BoS,1,7,Prompted,Human,1
63,BoS,1,7,Prompted,Human,1
63,PD,1,8,Prompted,LLM,0
63,PD,1,8,Prompted,LLM,0
63,PD,1,8,Prompted,LLM,0
63,PD,1,8,Prompted,LLM,0
63,PD,1,8,Prompted,LLM,0
63,PD,1,8,Prompted,LLM,0
63,PD,1,8,Prompted,LLM,0
63,PD,1,8,Prompted,LLM,0
63,PD,1,8,Prompted,LLM,0
63,PD,1,8,Prompted,LLM,0
64,PD,1,8,Base,LLM,0
64,PD,1,8,Base,LLM,0
64,PD,1,8,Base,LLM,0
64,PD,1,8,Base,LLM,0
64,PD,1,8,Base,LLM,0
64,PD,1,8,Base,LLM,0
64,PD,1,8,Base,LLM,0
64,PD,1,8,Base,LLM,0
64,PD,0,10,Base,LLM,0
64,PD,0,5,Base,LLM,1
64,BoS,1,7,Base,Human,1
64,BoS,0,0,Base,Human,0
64,BoS,0,0,Base,Human,0
64,BoS,0,10,Base,Human,1
64,BoS,1,0,Base,Human,0
64,BoS,1,0,Base,Human,0
64,BoS,0,0,Base,Human,0
64,BoS,0,0,Base,Human,0
64,BoS,0,0,Base,Human,0
64,BoS,1,7,Base,Human,1
65,BoS,0,0,Base,LLM,0
65,BoS,0,0,Base,LLM,0
65,BoS,0,0,Base,LLM,0
65,BoS,1,7,Base,LLM,1
65,BoS,1,0,Base,LLM,0
65,BoS,1,7,Base,LLM,1
65,BoS,0,0,Base,LLM,0
65,BoS,0,10,Base,LLM,1
65,BoS,0,0,Base,LLM,0
65,BoS,0,10,Base,LLM,1
65,PD,0,10,Base,Human,0
65,PD,0,5,Base,Human,1
65,PD,0,5,Base,Human,1
65,PD,0,5,Base,Human,1
65,PD,0,5,Base,Human,1
65,PD,0,5,Base,Human,1
65,PD,0,5,Base,Human,1
65,PD,0,5,Base,Human,1
65,PD,0,5,Base,Human,1
65,PD,0,5,Base,Human,1
66,PD,1,8,Prompted,Human,0
66,PD,1,8,Prompted,Human,0
66,PD,1,8,Prompted,Human,0
66,PD,1,8,Prompted,Human,0
66,PD,1,8,Prompted,Human,0
66,PD,1,8,Prompted,Human,0
66,PD,1,8,Prompted,Human,0
66,PD,1,8,Prompted,Human,0
66,PD,1,8,Prompted,Human,0
66,PD,1,8,Prompted,Human,0
66,BoS,0,0,Prompted,LLM,0
66,BoS,0,10,Prompted,LLM,1
66,BoS,0,0,Prompted,LLM,0
66,BoS,0,0,Prompted,LLM,0
66,BoS,1,7,Prompted,LLM,1
66,BoS,0,10,Prompted,LLM,1
66,BoS,1,7,Prompted,LLM,1
66,BoS,0,0,Prompted,LLM,0
66,BoS,0,10,Prompted,LLM,1
66,BoS,1,0,Prompted,LLM,0
67,BoS,0,0,Base,LLM,0
67,BoS,1,7,Base,LLM,1
67,BoS,1,7,Base,LLM,1
67,BoS,1,7,Base,LLM,1
67,BoS,0,0,Base,LLM,0
67,BoS,1,0,Base,LLM,0
67,BoS,0,0,Base,LLM,0
67,BoS,1,7,Base,LLM,1
67,BoS,0,0,Base,LLM,0
67,BoS,1,0,Base,LLM,0
67,PD,0,10,Base,LLM,0
67,PD,0,5,Base,LLM,1
67,PD,0,5,Base,LLM,1
67,PD,0,10,Base,LLM,0
67,PD,0,5,Base,LLM,1
67,PD,0,5,Base,LLM,1
67,PD,0,5,Base,LLM,1
67,PD,0,5,Base,LLM,1
67,PD,0,5,Base,LLM,1
67,PD,0,5,Base,LLM,1
68,BoS,1,7,Base,LLM,1
68,BoS,0,0,Base,LLM,0
68,BoS,0,0,Base,LLM,0
68,BoS,0,10,Base,LLM,1
68,BoS,1,0,Base,LLM,0
68,BoS,0,10,Base,LLM,1
68,BoS,1,0,Base,LLM,0
68,BoS,1,7,Base,LLM,1
68,BoS,1,7,Base,LLM,1
68,BoS,1,7,Base,LLM,1
68,PD,1,8,Base,LLM,0
68,PD,1,8,Base,LLM,0
68,PD,1,8,Base,LLM,0
68,PD,1,8,Base,LLM,0
68,PD,1,8,Base,LLM,0
68,PD,1,8,Base,LLM,0
68,PD,1,8,Base,LLM,0
68,PD,1,8,Base,LLM,0
68,PD,1,8,Base,LLM,0
68,PD,1,8,Base,LLM,0
69,BoS,1,7,Prompted,Human,1
69,BoS,0,0,Prompted,Human,0
69,BoS,0,0,Prompted,Human,0
69,BoS,1,7,Prompted,Human,1
69,BoS,1,7,Prompted,Human,1
69,BoS,1,7,Prompted,Human,1
69,BoS,1,7,Prompted,Human,1
69,BoS,1,0,Prompted,Human,0
69,BoS,1,7,Prompted,Human,1
69,BoS,0,0,Prompted,Human,0
69,PD,0,10,Prompted,LLM,0
69,PD,0,5,Prompted,LLM,1
69,PD,0,5,Prompted,LLM,1
69,PD,0,10,Prompted,LLM,0
69,PD,0,5,Prompted,LLM,1
69,PD,0,5,Prompted,LLM,1
69,PD,0,5,Prompted,LLM,1
69,PD,0,5,Prompted,LLM,1
69,PD,0,5,Prompted,LLM,1
69,PD,0,5,Prompted,LLM,1
70,BoS,1,7,Base,LLM,1
70,BoS,0,0,Base,LLM,0
70,BoS,1,0,Base,LLM,0
70,BoS,0,0,Base,LLM,0
70,BoS,0,0,Base,LLM,0
70,BoS,0,10,Base,LLM,1
70,BoS,0,10,Base,LLM,1
70,BoS,0,0,Base,LLM,0
70,BoS,0,0,Base,LLM,0
70,BoS,1,0,Base,LLM,0
70,PD,0,10,Base,LLM,0
70,PD,0,5,Base,LLM,1
70,PD,0,5,Base,LLM,1
70,PD,0,5,Base,LLM,1
70,PD,0,5,Base,LLM,1
70,PD,0,5,Base,LLM,1
70,PD,0,5,Base,LLM,1
70,PD,0,5,Base,LLM,1
70,PD,0,5,Base,LLM,1
70,PD,0,5,Base,LLM,1
71,PD,0,10,Prompted,Human,0
71,PD,0,5,Prompted,Human,1
71,PD,1,0,Prompted,Human,0
71,PD,0,10,Prompted,Human,0
71,PD,0,5,Prompted,Human,1
71,PD,0,5,Prompted,Human,1
71,PD,1,0,Prompted,Human,0
71,PD,1,0,Prompted,Human,0
71,PD,1,0,Prompted,Human,0
71,PD,0,5,Prompted,Human,1
71,BoS,1,7,Prompted,Human,1
71,BoS,1,7,Prompted,Human,1
71,BoS,0,0,Prompted,Human,0
71,BoS,0,0,Prompted,Human,0
71,BoS,0,0,Prompted,Human,0
71,BoS,0,10,Prompted,Human,1
71,BoS,0,10,Prompted,Human,1
71,BoS,0,0,Prompted,Human,0
71,BoS,0,10,Prompted,Human,1
71,BoS,1,0,Prompted,Human,0
72,BoS,1,7,Prompted,Human,1
72,BoS,0,0,Prompted,Human,0
72,BoS,1,7,Prompted,Human,1
72,BoS,1,7,Prompted,Human,1
72,BoS,0,0,Prompted,Human,0
72,BoS,0,0,Prompted,Human,0
72,BoS,0,0,Prompted,Human,0
72,BoS,0,10,Prompted,Human,1
72,BoS,0,0,Prompted,Human,0
72,BoS,0,0,Prompted,Human,0
72,PD,1,8,Prompted,Human,0
72,PD,1,8,Prompted,Human,0
72,PD,1,8,Prompted,Human,0
72,PD,1,8,Prompted,Human,0
72,PD,1,8,Prompted,Human,0
72,PD,1,8,Prompted,Human,0
72,PD,1,8,Prompted,Human,0
72,PD,1,8,Prompted,Human,0
72,PD,0,10,Prompted,Human,0
72,PD,0,5,Prompted,Human,1
73,BoS,1,7,Base,LLM,1
73,BoS,0,0,Base,LLM,0
73,BoS,0,10,Base,LLM,1
73,BoS,0,10,Base,LLM,1
73,BoS,1,0,Base,LLM,0
73,BoS,1,0,Base,LLM,0
73,BoS,1,7,Base,LLM,1
73,BoS,0,0,Base,LLM,0
73,BoS,0,10,Base,LLM,1
73,BoS,0,0,Base,LLM,0
73,PD,0,10,Base,LLM,0
73,PD,1,0,Base,LLM,0
73,PD,0,10,Base,LLM,0
73,PD,0,5,Base,LLM,1
73,PD,1,0,Base,LLM,0
73,PD,0,5,Base,LLM,1
73,PD,1,0,Base,LLM,0
73,PD,1,0,Base,LLM,0
73,PD,0,5,Base,LLM,1
73,PD,1,0,Base,LLM,0
74,PD,1,8,Prompted,LLM,0
74,PD,1,8,Prompted,LLM,0
74,PD,1,8,Prompted,LLM,0
74,PD,0,10,Prompted,LLM,0
74,PD,0,5,Prompted,LLM,1
74,PD,0,10,Prompted,LLM,0
74,PD,0,5,Prompted,LLM,1
74,PD,0,5,Prompted,LLM,1
74,PD,1,0,Prompted,LLM,0
74,PD,0,5,Prompted,LLM,1
74,BoS,0,0,Prompted,Human,0
74,BoS,0,0,Prompted,Human,0
74,BoS,1,7,Prompted,Human,1
74,BoS,0,10,Prompted,Human,1
74,BoS,1,0,Prompted,Human,0
74,BoS,0,0,Prompted,Human,0
74,BoS,1,7,Prompted,Human,1
74,BoS,0,0,Prompted,Human,0
74,BoS,1,7,Prompted,Human,1
74,BoS,0,10,Prompted,Human,1
75,BoS,0,0,Prompted,Human,0
75,BoS,1,0,Prompted,Human,0
75,BoS,1,7,Prompted,Human,1
75,BoS,0,0,Prompted,Human,0
75,BoS,1,0,Prompted,Human,0
75,BoS,1,7,Prompted,Human,1
75,BoS,0,0,Prompted,Human,0
75,BoS,0,10,Prompted,Human,1
75,BoS,0,0,Prompted,Human,0
75,BoS,1,7,Prompted,Human,1
75,PD,1,8,Prompted,Human,0
75,PD,1,8,Prompted,Human,0
75,PD,1,8,Prompted,Human,0
75,PD,1,8,Prompted,Human,0
75,PD,1,8,Prompted,Human,0
75,PD,1,8,Prompted,Human,0
75,PD,1,8,Prompted,Human,0
75,PD,1,8,Prompted,Human,0
75,PD,1,8,Prompted,Human,0
75,PD,1,8,Prompted,Human,0
76,PD,0,10,Base,Human,0
76,PD,0,5,Base,Human,1
76,PD,0,5,Base,Human,1
76,PD,0,10,Base,Human,0
76,PD,1,0,Base,Human,0
76,PD,0,10,Base,Human,0
76,PD,0,10,Base,Human,0
76,PD,0,5,Base,Human,1
76,PD,0,5,Base,Human,1
76,PD,0,5,Base,Human,1
76,BoS,0,0,Base,Human,0
76,BoS,0,0,Base,Human,0
76,BoS,0,0,Base,Human,0
76,BoS,0,10,Base,Human,1
76,BoS,0,10,Base,Human,1
76,BoS,0,10,Base,Human,1
76,BoS,0,10,Base,Human,1
76,BoS,0,10,Base,Human,1
76,BoS,0,10,Base,Human,1
76,BoS,0,10,Base,Human,1
77,PD,1,8,Prompted,Human,0
77,PD,1,8,Prompted,Human,0
77,PD,1,8,Prompted,Human,0
77,PD,1,8,Prompted,Human,0
77,PD,1,8,Prompted,Human,0
77,PD,1,8,Prompted,Human,0
77,PD,1,8,Prompted,Human,0
77,PD,1,8,Prompted,Human,0
77,PD,0,10,Prompted,Human,0
77,PD,0,5,Prompted,Human,1
77,BoS,0,0,Prompted,Human,0
77,BoS,1,0,Prompted,Human,0
77,BoS,1,0,Prompted,Human,0
77,BoS,1,7,Prompted,Human,1
77,BoS,1,7,Prompted,Human,1
77,BoS,1,7,Prompted,Human,1
77,BoS,1,7,Prompted,Human,1
77,BoS,1,7,Prompted,Human,1
77,BoS,1,7,Prompted,Human,1
77,BoS,1,7,Prompted,Human,1
78,PD,1,8,Base,Human,0
78,PD,1,8,Base,Human,0
78,PD,1,8,Base,Human,0
78,PD,1,8,Base,Human,0
78,PD,1,8,Base,Human,0
78,PD,1,8,Base,Human,0
78,PD,1,8,Base,Human,0
78,PD,0,10,Base,Human,0
78,PD,1,0,Base,Human,0
78,PD,1,0,Base,Human,0
78,BoS,0,0,Base,LLM,0
78,BoS,0,0,Base,LLM,0
78,BoS,0,10,Base,LLM,1
78,BoS,0,0,Base,LLM,0
78,BoS,0,0,Base,LLM,0
78,BoS,0,10,Base,LLM,1
78,BoS,0,10,Base,LLM,1
78,BoS,0,10,Base,LLM,1
78,BoS,0,10,Base,LLM,1
78,BoS,0,10,Base,LLM,1
79,BoS,1,7,Base,LLM,1
79,BoS,0,0,Base,LLM,0
79,BoS,0,10,Base,LLM,1
79,BoS,1,7,Base,LLM,1
79,BoS,0,0,Base,LLM,0
79,BoS,0,0,Base,LLM,0
79,BoS,0,10,Base,LLM,1
79,BoS,0,10,Base,LLM,1
79,BoS,0,0,Base,LLM,0
79,BoS,0,0,Base,LLM,0
79,PD,0,10,Base,Human,0
79,PD,0,5,Base,Human,1
79,PD,1,0,Base,Human,0
79,PD,1,8,Base,Human,0
79,PD,1,0,Base,Human,0
79,PD,0,10,Base,Human,0
79,PD,1,0,Base,Human,0
79,PD,0,5,Base,Human,1
79,PD,0,10,Base,Human,0
79,PD,0,5,Base,Human,1
80,BoS,1,7,Prompted,Human,1
80,BoS,1,7,Prompted,Human,1
80,BoS,1,7,Prompted,Human,1
80,BoS,1,7,Prompted,Human,1
80,BoS,1,7,Prompted,Human,1
80,BoS,1,7,Prompted,Human,1
80,BoS,1,7,Prompted,Human,1
80,BoS,1,7,Prompted,Human,1
80,BoS,1,7,Prompted,Human,1
80,BoS,1,7,Prompted,Human,1
80,PD,1,8,Prompted,LLM,0
80,PD,1,8,Prompted,LLM,0
80,PD,1,8,Prompted,LLM,0
80,PD,1,8,Prompted,LLM,0
80,PD,1,8,Prompted,LLM,0
80,PD,1,8,Prompted,LLM,0
80,PD,1,8,Prompted,LLM,0
80,PD,1,8,Prompted,LLM,0
80,PD,1,8,Prompted,LLM,0
80,PD,0,10,Prompted,LLM,0
81,PD,0,10,Prompted,LLM,0
81,PD,0,5,Prompted,LLM,1
81,PD,0,5,Prompted,LLM,1
81,PD,0,10,Prompted,LLM,0
81,PD,0,5,Prompted,LLM,1
81,PD,0,5,Prompted,LLM,1
81,PD,0,5,Prompted,LLM,1
81,PD,0,5,Prompted,LLM,1
81,PD,0,5,Prompted,LLM,1
81,PD,0,5,Prompted,LLM,1
81,BoS,1,7,Prompted,Human,1
81,BoS,1,7,Prompted,Human,1
81,BoS,1,7,Prompted,Human,1
81,BoS,1,7,Prompted,Human,1
81,BoS,1,7,Prompted,Human,1
81,BoS,1,7,Prompted,Human,1
81,BoS,1,7,Prompted,Human,1
81,BoS,1,7,Prompted,Human,1
81,BoS,1,7,Prompted,Human,1
81,BoS,1,7,Prompted,Human,1
82,BoS,1,7,Base,LLM,1
82,BoS,1,7,Base,LLM,1
82,BoS,1,7,Base,LLM,1
82,BoS,1,7,Base,LLM,1
82,BoS,1,7,Base,LLM,1
82,BoS,1,7,Base,LLM,1
82,BoS,1,7,Base,LLM,1
82,BoS,1,7,Base,LLM,1
82,BoS,1,7,Base,LLM,1
82,BoS,1,7,Base,LLM,1
82,PD,1,8,Base,Human,0
82,PD,1,8,Base,Human,0
82,PD,1,8,Base,Human,0
82,PD,1,8,Base,Human,0
82,PD,1,8,Base,Human,0
82,PD,1,8,Base,Human,0
82,PD,1,8,Base,Human,0
82,PD,1,8,Base,Human,0
82,PD,1,8,Base,Human,0
82,PD,1,8,Base,Human,0
83,PD,1,8,Prompted,Human,0
83,PD,1,8,Prompted,Human,0
83,PD,1,8,Prompted,Human,0
83,PD,1,8,Prompted,Human,0
83,PD,1,8,Prompted,Human,0
83,PD,1,8,Prompted,Human,0
83,PD,1,8,Prompted,Human,0
83,PD,1,8,Prompted,Human,0
83,PD,1,8,Prompted,Human,0
83,PD,0,10,Prompted,Human,0
83,BoS,0,0,Prompted,Human,0
83,BoS,0,10,Prompted,Human,1
83,BoS,0,0,Prompted,Human,0
83,BoS,0,10,Prompted,Human,1
83,BoS,0,0,Prompted,Human,0
83,BoS,0,10,Prompted,Human,1
83,BoS,1,0,Prompted,Human,0
83,BoS,1,0,Prompted,Human,0
83,BoS,0,10,Prompted,Human,1
83,BoS,0,10,Prompted,Human,1
84,PD,0,10,Base,LLM,0
84,PD,1,0,Base,LLM,0
84,PD,0,5,Base,LLM,1
84,PD,1,0,Base,LLM,0
84,PD,1,0,Base,LLM,0
84,PD,0,5,Base,LLM,1
84,PD,0,10,Base,LLM,0
84,PD,1,0,Base,LLM,0
84,PD,1,0,Base,LLM,0
84,PD,0,5,Base,LLM,1
84,BoS,1,7,Base,Human,1
84,BoS,0,0,Base,Human,0
84,BoS,1,0,Base,Human,0
84,BoS,1,7,Base,Human,1
84,BoS,0,0,Base,Human,0
84,BoS,0,0,Base,Human,0
84,BoS,0,0,Base,Human,0
84,BoS,0,10,Base,Human,1
84,BoS,0,10,Base,Human,1
84,BoS,0,0,Base,Human,0
85,BoS,0,0,Base,Human,0
85,BoS,0,10,Base,Human,1
85,BoS,1,7,Base,Human,1
85,BoS,1,0,Base,Human,0
85,BoS,0,0,Base,Human,0
85,BoS,0,0,Base,Human,0
85,BoS,0,10,Base,Human,1
85,BoS,0,10,Base,Human,1
85,BoS,0,10,Base,Human,1
85,BoS,0,10,Base,Human,1
85,PD,0,10,Base,LLM,0
85,PD,1,0,Base,LLM,0
85,PD,0,10,Base,LLM,0
85,PD,0,5,Base,LLM,1
85,PD,1,0,Base,LLM,0
85,PD,0,5,Base,LLM,1
85,PD,0,5,Base,LLM,1
85,PD,0,5,Base,LLM,1
85,PD,0,5,Base,LLM,1
85,PD,0,5,Base,LLM,1
86,BoS,0,0,Prompted,LLM,0
86,BoS,0,0,Prompted,LLM,0
86,BoS,1,7,Prompted,LLM,1
86,BoS,1,7,Prompted,LLM,1
86,BoS,1,7,Prompted,LLM,1
86,BoS,1,7,Prompted,LLM,1
86,BoS,1,7,Prompted,LLM,1
86,BoS,0,0,Prompted,LLM,0
86,BoS,0,0,Prompted,LLM,0
86,BoS,0,10,Prompted,LLM,1
86,PD,0,10,Prompted,Human,0
86,PD,0,5,Prompted,Human,1
86,PD,1,0,Prompted,Human,0
86,PD,0,5,Prompted,Human,1
86,PD,0,5,Prompted,Human,1
86,PD,1,0,Prompted,Human,0
86,PD,0,5,Prompted,Human,1
86,PD,0,5,Prompted,Human,1
86,PD,1,0,Prompted,Human,0
86,PD,0,5,Prompted,Human,1
87,PD,1,8,Base,LLM,0
87,PD,0,10,Base,LLM,0
87,PD,1,0,Base,LLM,0
87,PD,0,10,Base,LLM,0
87,PD,0,5,Base,LLM,1
87,PD,1,0,Base,LLM,0
87,PD,1,0,Base,LLM,0
87,PD,0,5,Base,LLM,1
87,PD,0,10,Base,LLM,0
87,PD,1,0,Base,LLM,0
87,BoS,1,7,Base,LLM,1
87,BoS,1,7,Base,LLM,1
87,BoS,1,7,Base,LLM,1
87,BoS,1,7,Base,LLM,1
87,BoS,0,0,Base,LLM,0
87,BoS,0,10,Base,LLM,1
87,BoS,1,0,Base,LLM,0
87,BoS,0,0,Base,LLM,0
87,BoS,0,0,Base,LLM,0
87,BoS,0,0,Base,LLM,0
88,PD,1,8,Prompted,Human,0
88,PD,1,8,Prompted,Human,0
88,PD,1,8,Prompted,Human,0
88,PD,1,8,Prompted,Human,0
88,PD,1,8,Prompted,Human,0
88,PD,1,8,Prompted,Human,0
88,PD,1,8,Prompted,Human,0
88,PD,1,8,Prompted,Human,0
88,PD,1,8,Prompted,Human,0
88,PD,1,8,Prompted,Human,0
88,BoS,1,7,Prompted,Human,1
88,BoS,1,7,Prompted,Human,1
88,BoS,1,7,Prompted,Human,1
88,BoS,1,7,Prompted,Human,1
88,BoS,1,7,Prompted,Human,1
88,BoS,1,7,Prompted,Human,1
88,BoS,1,7,Prompted,Human,1
88,BoS,1,7,Prompted,Human,1
88,BoS,1,7,Prompted,Human,1
88,BoS,1,7,Prompted,Human,1
89,PD,1,8,Base,LLM,0
89,PD,1,8,Base,LLM,0
89,PD,1,8,Base,LLM,0
89,PD,1,8,Base,LLM,0
89,PD,1,8,Base,LLM,0
89,PD,1,8,Base,LLM,0
89,PD,1,8,Base,LLM,0
89,PD,1,8,Base,LLM,0
89,PD,1,8,Base,LLM,0
89,PD,1,8,Base,LLM,0
89,BoS,1,7,Base,Human,1
89,BoS,0,0,Base,Human,0
89,BoS,1,0,Base,Human,0
89,BoS,1,7,Base,Human,1
89,BoS,1,7,Base,Human,1
89,BoS,1,7,Base,Human,1
89,BoS,1,7,Base,Human,1
89,BoS,1,7,Base,Human,1
89,BoS,1,7,Base,Human,1
89,BoS,1,7,Base,Human,1
90,BoS,1,7,Base,LLM,1
90,BoS,1,7,Base,LLM,1
90,BoS,0,0,Base,LLM,0
90,BoS,0,0,Base,LLM,1
90,BoS,0,0,Base,LLM,1
90,BoS,1,7,Base,LLM,1
90,BoS,1,7,Base,LLM,1
90,BoS,1,7,Base,LLM,1
90,BoS,1,7,Base,LLM,1
90,BoS,1,7,Base,LLM,1
90,PD,1,8,Base,LLM,0
90,PD,1,8,Base,LLM,0
90,PD,1,8,Base,LLM,0
90,PD,1,8,Base,LLM,0
90,PD,1,8,Base,LLM,0
90,PD,1,8,Base,LLM,0
90,PD,1,8,Base,LLM,0
90,PD,1,8,Base,LLM,0
90,PD,1,8,Base,LLM,0
90,PD,1,8,Base,LLM,0
91,BoS,0,0,Prompted,LLM,0
91,BoS,0,10,Prompted,LLM,1
91,BoS,0,10,Prompted,LLM,1
91,BoS,0,10,Prompted,LLM,1
91,BoS,0,0,Prompted,LLM,0
91,BoS,0,10,Prompted,LLM,1
91,BoS,0,10,Prompted,LLM,1
91,BoS,0,10,Prompted,LLM,1
91,BoS,0,10,Prompted,LLM,1
91,BoS,0,10,Prompted,LLM,1
91,PD,1,8,Prompted,LLM,0
91,PD,1,8,Prompted,LLM,0
91,PD,1,8,Prompted,LLM,0
91,PD,1,8,Prompted,LLM,0
91,PD,1,8,Prompted,LLM,0
91,PD,1,8,Prompted,LLM,0
91,PD,1,8,Prompted,LLM,0
91,PD,1,8,Prompted,LLM,0
91,PD,1,8,Prompted,LLM,0
91,PD,0,10,Prompted,LLM,0
92,PD,0,10,Prompted,Human,0
92,PD,0,5,Prompted,Human,1
92,PD,1,0,Prompted,Human,0
92,PD,0,10,Prompted,Human,0
92,PD,0,5,Prompted,Human,1
92,PD,0,5,Prompted,Human,1
92,PD,1,0,Prompted,Human,0
92,PD,0,5,Prompted,Human,1
92,PD,0,5,Prompted,Human,1
92,PD,0,5,Prompted,Human,1
92,BoS,1,7,Prompted,LLM,1
92,BoS,0,0,Prompted,LLM,0
92,BoS,1,7,Prompted,LLM,1
92,BoS,1,7,Prompted,LLM,1
92,BoS,1,7,Prompted,LLM,1
92,BoS,0,0,Prompted,LLM,0
92,BoS,1,7,Prompted,LLM,1
92,BoS,1,7,Prompted,LLM,1
92,BoS,1,7,Prompted,LLM,1
92,BoS,1,7,Prompted,LLM,1
93,BoS,1,7,Prompted,LLM,1
93,BoS,1,7,Prompted,LLM,1
93,BoS,1,7,Prompted,LLM,1
93,BoS,1,7,Prompted,LLM,1
93,BoS,1,7,Prompted,LLM,1
93,BoS,1,7,Prompted,LLM,1
93,BoS,0,0,Prompted,LLM,0
93,BoS,0,10,Prompted,LLM,1
93,BoS,1,0,Prompted,LLM,0
93,BoS,0,0,Prompted,LLM,0
93,PD,0,10,Prompted,Human,0
93,PD,0,5,Prompted,Human,1
93,PD,0,5,Prompted,Human,1
93,PD,0,5,Prompted,Human,1
93,PD,0,5,Prompted,Human,1
93,PD,0,5,Prompted,Human,1
93,PD,0,5,Prompted,Human,1
93,PD,0,5,Prompted,Human,1
93,PD,0,5,Prompted,Human,1
93,PD,0,5,Prompted,Human,1
94,BoS,1,7,Prompted,LLM,1
94,BoS,1,7,Prompted,LLM,1
94,BoS,1,7,Prompted,LLM,1
94,BoS,1,7,Prompted,LLM,1
94,BoS,1,7,Prompted,LLM,1
94,BoS,1,7,Prompted,LLM,1
94,BoS,1,7,Prompted,LLM,0
94,BoS,1,7,Prompted,LLM,1
94,BoS,1,7,Prompted,LLM,1
94,BoS,1,7,Prompted,LLM,1
94,PD,0,10,Prompted,Human,0
94,PD,1,8,Prompted,Human,1
94,PD,1,8,Prompted,Human,1
94,PD,1,8,Prompted,Human,0
94,PD,1,8,Prompted,Human,0
94,PD,1,8,Prompted,Human,0
94,PD,1,8,Prompted,Human,0
94,PD,1,0,Prompted,Human,0
94,PD,1,8,Prompted,Human,0
94,PD,0,5,Prompted,Human,1
95,PD,1,8,Base,Human,0
95,PD,1,8,Base,Human,0
95,PD,1,8,Base,Human,0
95,PD,1,8,Base,Human,0
95,PD,0,10,Base,Human,0
95,PD,0,5,Base,Human,1
95,PD,1,0,Base,Human,0
95,PD,1,0,Base,Human,0
95,PD,0,5,Base,Human,1
95,PD,1,0,Base,Human,0
95,BoS,1,7,Base,LLM,1
95,BoS,0,0,Base,LLM,0
95,BoS,1,7,Base,LLM,1
95,BoS,1,7,Base,LLM,1
95,BoS,0,0,Base,LLM,0
95,BoS,1,7,Base,LLM,1
95,BoS,1,0,Base,LLM,0
95,BoS,1,7,Base,LLM,1
95,BoS,1,7,Base,LLM,1
95,BoS,1,7,Base,LLM,1
96,BoS,1,7,Prompted,LLM,1
96,BoS,1,7,Prompted,LLM,1
96,BoS,1,7,Prompted,LLM,0
96,BoS,1,7,Prompted,LLM,1
96,BoS,1,7,Prompted,LLM,1
96,BoS,1,7,Prompted,LLM,1
96,BoS,1,7,Prompted,LLM,1
96,BoS,1,7,Prompted,LLM,1
96,BoS,1,7,Prompted,LLM,1
96,BoS,1,7,Prompted,LLM,1
96,PD,0,10,Prompted,LLM,0
96,PD,0,5,Prompted,LLM,1
96,PD,0,5,Prompted,LLM,0
96,PD,0,5,Prompted,LLM,0
96,PD,0,5,Prompted,LLM,1
96,PD,0,5,Prompted,LLM,1
96,PD,0,5,Prompted,LLM,1
96,PD,0,5,Prompted,LLM,1
96,PD,0,5,Prompted,LLM,1
96,PD,0,5,Prompted,LLM,1
97,PD,1,8,Prompted,Human,0
97,PD,0,10,Prompted,Human,0
97,PD,0,5,Prompted,Human,1
97,PD,1,8,Prompted,Human,0
97,PD,0,5,Prompted,Human,1
97,PD,1,0,Prompted,Human,0
97,PD,0,5,Prompted,Human,1
97,PD,1,0,Prompted,Human,0
97,PD,0,10,Prompted,Human,0
97,PD,0,5,Prompted,Human,1
97,BoS,0,0,Prompted,Human,0
97,BoS,1,7,Prompted,Human,1
97,BoS,1,0,Prompted,Human,0
97,BoS,1,7,Prompted,Human,1
97,BoS,0,0,Prompted,Human,0
97,BoS,0,10,Prompted,Human,1
97,BoS,0,0,Prompted,Human,0
97,BoS,0,10,Prompted,Human,1
97,BoS,0,0,Prompted,Human,0
97,BoS,0,10,Prompted,Human,1
98,BoS,1,7,Base,LLM,1
98,BoS,0,0,Base,LLM,0
98,BoS,0,10,Base,LLM,1
98,BoS,1,0,Base,LLM,0
98,BoS,0,0,Base,LLM,0
98,BoS,0,0,Base,LLM,0
98,BoS,0,0,Base,LLM,0
98,BoS,0,0,Base,LLM,0
98,BoS,0,0,Base,LLM,0
98,BoS,0,0,Base,LLM,0
98,PD,1,8,Base,Human,0
98,PD,1,8,Base,Human,0
98,PD,1,8,Base,Human,0
98,PD,1,8,Base,Human,0
98,PD,1,8,Base,Human,0
98,PD,1,8,Base,Human,0
98,PD,1,8,Base,Human,0
98,PD,1,8,Base,Human,0
98,PD,1,8,Base,Human,0
98,PD,1,8,Base,Human,0
99,PD,0,10,Base,Human,0
99,PD,0,5,Base,Human,1
99,PD,0,5,Base,Human,1
99,PD,1,0,Base,Human,0
99,PD,0,5,Base,Human,1
99,PD,0,5,Base,Human,1
99,PD,1,0,Base,Human,0
99,PD,0,5,Base,Human,1
99,PD,0,5,Base,Human,1
99,PD,0,5,Base,Human,1
99,BoS,0,0,Base,Human,0
99,BoS,1,0,Base,Human,0
99,BoS,1,0,Base,Human,0
99,BoS,0,0,Base,Human,0
99,BoS,0,10,Base,Human,1
99,BoS,0,10,Base,Human,1
99,BoS,0,10,Base,Human,1
99,BoS,0,0,Base,Human,0
99,BoS,1,7,Base,Human,1
99,BoS,1,7,Base,Human,1
100,BoS,1,7,Prompted,Human,1
100,BoS,0,0,Prompted,Human,0
100,BoS,0,0,Prompted,Human,0
100,BoS,1,0,Prompted,Human,0
100,BoS,0,0,Prompted,Human,0
100,BoS,0,0,Prompted,Human,0
100,BoS,0,0,Prompted,Human,0
100,BoS,1,7,Prompted,Human,1
100,BoS,0,10,Prompted,Human,1
100,BoS,0,0,Prompted,Human,0
100,PD,1,8,Prompted,LLM,0
100,PD,0,10,Prompted,LLM,0
100,PD,0,5,Prompted,LLM,1
100,PD,1,8,Prompted,LLM,0
100,PD,0,5,Prompted,LLM,1
100,PD,0,5,Prompted,LLM,1
100,PD,0,5,Prompted,LLM,1
100,PD,1,0,Prompted,LLM,0
100,PD,0,5,Prompted,LLM,1
100,PD,0,5,Prompted,LLM,1
101,BoS,0,0,Base,Human,0
101,BoS,0,10,Base,Human,1
101,BoS,0,0,Base,Human,0
101,BoS,1,7,Base,Human,1
101,BoS,0,0,Base,Human,0
101,BoS,0,0,Base,Human,1
101,BoS,0,0,Base,Human,0
101,BoS,0,0,Base,Human,0
101,BoS,0,10,Base,Human,1
101,BoS,0,0,Base,Human,0
101,PD,0,10,Base,LLM,0
101,PD,1,0,Base,LLM,0
101,PD,0,5,Base,LLM,1
101,PD,0,5,Base,LLM,1
101,PD,0,5,Base,LLM,1
101,PD,1,0,Base,LLM,0
101,PD,1,0,Base,LLM,0
101,PD,1,0,Base,LLM,0
101,PD,0,5,Base,LLM,1
101,PD,0,5,Base,LLM,1
102,BoS,1,7,Prompted,Human,1
102,BoS,1,7,Prompted,Human,1
102,BoS,1,7,Prompted,Human,1
102,BoS,1,7,Prompted,Human,1
102,BoS,0,0,Prompted,Human,0
102,BoS,0,10,Prompted,Human,1
102,BoS,0,10,Prompted,Human,1
102,BoS,0,10,Prompted,Human,1
102,BoS,0,10,Prompted,Human,1
102,BoS,0,10,Prompted,Human,1
102,PD,1,8,Prompted,LLM,0
102,PD,1,8,Prompted,LLM,0
102,PD,1,8,Prompted,LLM,0
102,PD,1,8,Prompted,LLM,0
102,PD,1,8,Prompted,LLM,0
102,PD,1,8,Prompted,LLM,0
102,PD,0,10,Prompted,LLM,0
102,PD,0,5,Prompted,LLM,1
102,PD,0,5,Prompted,LLM,1
102,PD,0,5,Prompted,LLM,1
103,PD,0,10,Prompted,Human,0
103,PD,0,5,Prompted,Human,1
103,PD,0,5,Prompted,Human,1
103,PD,0,10,Prompted,Human,0
103,PD,0,5,Prompted,Human,1
103,PD,0,5,Prompted,Human,1
103,PD,0,5,Prompted,Human,1
103,PD,0,5,Prompted,Human,1
103,PD,0,5,Prompted,Human,1
103,PD,0,5,Prompted,Human,1
103,BoS,1,7,Prompted,LLM,0
103,BoS,1,7,Prompted,LLM,0
103,BoS,1,7,Prompted,LLM,1
103,BoS,1,7,Prompted,LLM,0
103,BoS,0,0,Prompted,LLM,1
103,BoS,0,10,Prompted,LLM,1
103,BoS,0,10,Prompted,LLM,1
103,BoS,0,10,Prompted,LLM,1
103,BoS,0,10,Prompted,LLM,1
103,BoS,0,10,Prompted,LLM,1
104,BoS,1,7,Prompted,LLM,1
104,BoS,1,7,Prompted,LLM,1
104,BoS,0,0,Prompted,LLM,0
104,BoS,0,0,Prompted,LLM,0
104,BoS,1,7,Prompted,LLM,1
104,BoS,1,7,Prompted,LLM,1
104,BoS,1,7,Prompted,LLM,1
104,BoS,0,0,Prompted,LLM,0
104,BoS,0,0,Prompted,LLM,0
104,BoS,1,7,Prompted,LLM,1
104,PD,0,10,Prompted,LLM,0
104,PD,0,5,Prompted,LLM,1
104,PD,1,0,Prompted,LLM,0
104,PD,1,0,Prompted,LLM,0
104,PD,0,5,Prompted,LLM,1
104,PD,0,5,Prompted,LLM,1
104,PD,0,5,Prompted,LLM,1
104,PD,0,5,Prompted,LLM,1
104,PD,0,5,Prompted,LLM,1
104,PD,0,5,Prompted,LLM,1
105,BoS,0,0,Base,LLM,0
105,BoS,1,0,Base,LLM,0
105,BoS,1,0,Base,LLM,0
105,BoS,1,7,Base,LLM,1
105,BoS,1,7,Base,LLM,1
105,BoS,1,7,Base,LLM,1
105,BoS,0,0,Base,LLM,0
105,BoS,0,0,Base,LLM,0
105,BoS,0,10,Base,LLM,1
105,BoS,0,10,Base,LLM,1
105,PD,0,10,Base,LLM,0
105,PD,1,0,Base,LLM,0
105,PD,0,5,Base,LLM,1
105,PD,0,5,Base,LLM,1
105,PD,0,5,Base,LLM,1
105,PD,0,5,Base,LLM,1
105,PD,0,5,Base,LLM,1
105,PD,0,5,Base,LLM,1
105,PD,0,5,Base,LLM,1
105,PD,0,5,Base,LLM,1
106,PD,1,8,Prompted,LLM,0
106,PD,1,8,Prompted,LLM,0
106,PD,1,8,Prompted,LLM,0
106,PD,1,8,Prompted,LLM,0
106,PD,1,8,Prompted,LLM,0
106,PD,1,8,Prompted,LLM,0
106,PD,1,8,Prompted,LLM,0
106,PD,1,8,Prompted,LLM,0
106,PD,1,8,Prompted,LLM,0
106,PD,1,8,Prompted,LLM,0
106,BoS,1,7,Prompted,Human,1
106,BoS,1,7,Prompted,Human,1
106,BoS,0,0,Prompted,Human,0
106,BoS,1,7,Prompted,Human,1
106,BoS,1,7,Prompted,Human,1
106,BoS,1,7,Prompted,Human,1
106,BoS,1,7,Prompted,Human,1
106,BoS,1,7,Prompted,Human,1
106,BoS,1,7,Prompted,Human,1
106,BoS,1,7,Prompted,Human,1
107,BoS,1,7,Prompted,LLM,1
107,BoS,0,0,Prompted,LLM,0
107,BoS,0,0,Prompted,LLM,0
107,BoS,0,0,Prompted,LLM,0
107,BoS,0,0,Prompted,LLM,0
107,BoS,0,10,Prompted,LLM,1
107,BoS,0,10,Prompted,LLM,1
107,BoS,0,10,Prompted,LLM,1
107,BoS,0,0,Prompted,LLM,0
107,BoS,0,10,Prompted,LLM,1
107,PD,1,8,Prompted,LLM,0
107,PD,1,8,Prompted,LLM,0
107,PD,1,8,Prompted,LLM,0
107,PD,1,8,Prompted,LLM,0
107,PD,1,8,Prompted,LLM,0
107,PD,1,8,Prompted,LLM,0
107,PD,1,8,Prompted,LLM,0
107,PD,1,8,Prompted,LLM,0
107,PD,1,8,Prompted,LLM,0
107,PD,0,10,Prompted,LLM,0
108,PD,1,8,Base,Human,0
108,PD,1,8,Base,Human,0
108,PD,1,8,Base,Human,0
108,PD,1,8,Base,Human,0
108,PD,1,8,Base,Human,0
108,PD,1,8,Base,Human,0
108,PD,1,8,Base,Human,0
108,PD,1,8,Base,Human,0
108,PD,1,8,Base,Human,0
108,PD,1,8,Base,Human,0
108,BoS,0,0,Base,LLM,0
108,BoS,1,7,Base,LLM,1
108,BoS,0,0,Base,LLM,0
108,BoS,1,7,Base,LLM,1
108,BoS,0,0,Base,LLM,0
108,BoS,1,7,Base,LLM,1
108,BoS,1,0,Base,LLM,0
108,BoS,0,0,Base,LLM,0
108,BoS,1,7,Base,LLM,1
108,BoS,1,7,Base,LLM,1
109,PD,1,8,Prompted,Human,0
109,PD,1,8,Prompted,Human,0
109,PD,1,8,Prompted,Human,0
109,PD,1,8,Prompted,Human,0
109,PD,1,8,Prompted,Human,0
109,PD,1,8,Prompted,Human,0
109,PD,1,8,Prompted,Human,0
109,PD,1,8,Prompted,Human,0
109,PD,1,8,Prompted,Human,0
109,PD,0,10,Prompted,Human,0
109,BoS,1,7,Prompted,LLM,1
109,BoS,1,7,Prompted,LLM,1
109,BoS,1,7,Prompted,LLM,1
109,BoS,1,7,Prompted,LLM,1
109,BoS,1,7,Prompted,LLM,1
109,BoS,0,0,Prompted,LLM,0
109,BoS,0,0,Prompted,LLM,0
109,BoS,0,10,Prompted,LLM,1
109,BoS,0,10,Prompted,LLM,1
109,BoS,0,10,Prompted,LLM,1
110,PD,1,8,Base,LLM,0
110,PD,1,8,Base,LLM,0
110,PD,1,8,Base,LLM,0
110,PD,1,8,Base,LLM,0
110,PD,1,8,Base,LLM,0
110,PD,1,8,Base,LLM,0
110,PD,1,8,Base,LLM,0
110,PD,1,8,Base,LLM,0
110,PD,1,8,Base,LLM,0
110,PD,1,8,Base,LLM,0
110,BoS,0,0,Base,Human,0
110,BoS,1,7,Base,Human,1
110,BoS,1,7,Base,Human,1
110,BoS,1,7,Base,Human,1
110,BoS,1,7,Base,Human,1
110,BoS,1,7,Base,Human,1
110,BoS,1,7,Base,Human,1
110,BoS,1,7,Base,Human,1
110,BoS,1,7,Base,Human,1
110,BoS,1,7,Base,Human,1
111,PD,1,8,Prompted,LLM,0
111,PD,1,8,Prompted,LLM,1
111,PD,1,8,Prompted,LLM,0
111,PD,1,8,Prompted,LLM,1
111,PD,1,8,Prompted,LLM,0
111,PD,1,8,Prompted,LLM,1
111,PD,1,8,Prompted,LLM,1
111,PD,1,8,Prompted,LLM,1
111,PD,1,8,Prompted,LLM,1
111,PD,0,5,Prompted,LLM,1
111,BoS,1,7,Prompted,LLM,1
111,BoS,1,7,Prompted,LLM,1
111,BoS,1,7,Prompted,LLM,1
111,BoS,1,7,Prompted,LLM,1
111,BoS,1,7,Prompted,LLM,1
111,BoS,1,7,Prompted,LLM,1
111,BoS,1,7,Prompted,LLM,1
111,BoS,1,7,Prompted,LLM,1
111,BoS,1,7,Prompted,LLM,1
111,BoS,1,7,Prompted,LLM,1
112,BoS,0,0,Base,Human,0
112,BoS,0,10,Base,Human,1
112,BoS,1,0,Base,Human,0
112,BoS,0,0,Base,Human,0
112,BoS,0,10,Base,Human,1
112,BoS,1,7,Base,Human,1
112,BoS,0,0,Base,Human,0
112,BoS,1,0,Base,Human,0
112,BoS,0,0,Base,Human,0
112,BoS,1,7,Base,Human,1
112,PD,1,8,Base,LLM,0
112,PD,1,8,Base,LLM,0
112,PD,1,8,Base,LLM,0
112,PD,1,8,Base,LLM,0
112,PD,1,8,Base,LLM,0
112,PD,1,8,Base,LLM,0
112,PD,1,8,Base,LLM,0
112,PD,1,8,Base,LLM,0
112,PD,1,8,Base,LLM,0
112,PD,1,8,Base,LLM,0
113,PD,1,8,Base,LLM,0
113,PD,1,8,Base,LLM,0
113,PD,1,8,Base,LLM,0
113,PD,1,8,Base,LLM,0
113,PD,1,8,Base,LLM,0
113,PD,1,8,Base,LLM,0
113,PD,1,8,Base,LLM,0
113,PD,1,8,Base,LLM,0
113,PD,1,8,Base,LLM,0
113,PD,0,10,Base,LLM,0
113,BoS,1,7,Base,LLM,1
113,BoS,0,0,Base,LLM,0
113,BoS,1,7,Base,LLM,1
113,BoS,1,7,Base,LLM,1
113,BoS,1,7,Base,LLM,1
113,BoS,1,7,Base,LLM,1
113,BoS,1,7,Base,LLM,1
113,BoS,1,7,Base,LLM,1
113,BoS,1,7,Base,LLM,1
113,BoS,1,7,Base,LLM,1
114,PD,0,10,Prompted,Human,0
114,PD,1,0,Prompted,Human,0
114,PD,1,8,Prompted,Human,0
114,PD,1,0,Prompted,Human,0
114,PD,1,0,Prompted,Human,0
114,PD,0,5,Prompted,Human,1
114,PD,0,5,Prompted,Human,1
114,PD,0,5,Prompted,Human,1
114,PD,0,5,Prompted,Human,1
114,PD,0,5,Prompted,Human,1
114,BoS,0,0,Prompted,LLM,0
114,BoS,1,7,Prompted,LLM,1
114,BoS,0,0,Prompted,LLM,0
114,BoS,1,0,Prompted,LLM,0
114,BoS,0,0,Prompted,LLM,0
114,BoS,1,7,Prompted,LLM,1
114,BoS,0,10,Prompted,LLM,1
114,BoS,1,7,Prompted,LLM,1
114,BoS,0,0,Prompted,LLM,0
114,BoS,0,10,Prompted,LLM,1
115,PD,1,8,Prompted,LLM,0
115,PD,0,10,Prompted,LLM,0
115,PD,0,5,Prompted,LLM,1
115,PD,0,10,Prompted,LLM,0
115,PD,0,5,Prompted,LLM,1
115,PD,0,5,Prompted,LLM,1
115,PD,1,0,Prompted,LLM,0
115,PD,0,10,Prompted,LLM,0
115,PD,0,5,Prompted,LLM,1
115,PD,0,5,Prompted,LLM,1
115,BoS,0,0,Prompted,Human,0
115,BoS,1,7,Prompted,Human,1
115,BoS,0,0,Prompted,Human,0
115,BoS,1,0,Prompted,Human,0
115,BoS,0,0,Prompted,Human,0
115,BoS,1,7,Prompted,Human,1
115,BoS,1,7,Prompted,Human,1
115,BoS,1,7,Prompted,Human,1
115,BoS,1,7,Prompted,Human,1
115,BoS,1,7,Prompted,Human,1
116,BoS,1,7,Prompted,Human,1
116,BoS,0,0,Prompted,Human,0
116,BoS,0,10,Prompted,Human,1
116,BoS,1,0,Prompted,Human,0
116,BoS,1,7,Prompted,Human,1
116,BoS,0,10,Prompted,Human,1
116,BoS,1,7,Prompted,Human,1
116,BoS,0,0,Prompted,Human,0
116,BoS,0,0,Prompted,Human,0
116,BoS,0,10,Prompted,Human,1
116,PD,0,10,Prompted,LLM,0
116,PD,1,0,Prompted,LLM,0
116,PD,1,8,Prompted,LLM,0
116,PD,0,5,Prompted,LLM,1
116,PD,0,10,Prompted,LLM,0
116,PD,0,5,Prompted,LLM,1
116,PD,0,10,Prompted,LLM,0
116,PD,0,5,Prompted,LLM,1
116,PD,0,5,Prompted,LLM,1
116,PD,0,5,Prompted,LLM,1
117,PD,0,10,Base,Human,0
117,PD,0,5,Base,Human,1
117,PD,1,0,Base,Human,0
117,PD,0,5,Base,Human,1
117,PD,0,5,Base,Human,1
117,PD,1,0,Base,Human,0
117,PD,0,5,Base,Human,1
117,PD,0,5,Base,Human,1
117,PD,1,0,Base,Human,0
117,PD,0,5,Base,Human,1
117,BoS,0,0,Base,LLM,0
117,BoS,0,0,Base,LLM,0
117,BoS,1,7,Base,LLM,1
117,BoS,0,10,Base,LLM,1
117,BoS,1,7,Base,LLM,1
117,BoS,0,0,Base,LLM,0
117,BoS,1,7,Base,LLM,1
117,BoS,0,0,Base,LLM,0
117,BoS,1,7,Base,LLM,1
117,BoS,1,7,Base,LLM,1
118,PD,0,10,Prompted,Human,0
118,PD,1,0,Prompted,Human,0
118,PD,1,8,Prompted,Human,0
118,PD,1,0,Prompted,Human,0
118,PD,1,0,Prompted,Human,0
118,PD,0,5,Prompted,Human,0
118,PD,0,5,Prompted,Human,0
118,PD,0,5,Prompted,Human,0
118,PD,0,5,Prompted,Human,0
118,PD,0,5,Prompted,Human,1
118,BoS,1,7,Prompted,LLM,1
118,BoS,1,7,Prompted,LLM,1
118,BoS,1,7,Prompted,LLM,1
118,BoS,1,7,Prompted,LLM,1
118,BoS,1,7,Prompted,LLM,1
118,BoS,1,7,Prompted,LLM,1
118,BoS,1,7,Prompted,LLM,1
118,BoS,1,7,Prompted,LLM,1
118,BoS,1,7,Prompted,LLM,1
118,BoS,1,7,Prompted,LLM,1
119,BoS,0,0,Prompted,LLM,0
119,BoS,1,7,Prompted,LLM,1
119,BoS,1,7,Prompted,LLM,1
119,BoS,1,7,Prompted,LLM,1
119,BoS,1,7,Prompted,LLM,1
119,BoS,1,7,Prompted,LLM,1
119,BoS,1,7,Prompted,LLM,1
119,BoS,1,7,Prompted,LLM,1
119,BoS,1,7,Prompted,LLM,1
119,BoS,1,7,Prompted,LLM,1
119,PD,1,8,Prompted,LLM,0
119,PD,1,8,Prompted,LLM,0
119,PD,1,8,Prompted,LLM,0
119,PD,1,8,Prompted,LLM,0
119,PD,1,8,Prompted,LLM,0
119,PD,1,8,Prompted,LLM,0
119,PD,1,8,Prompted,LLM,0
119,PD,1,8,Prompted,LLM,0
119,PD,1,8,Prompted,LLM,0
119,PD,1,8,Prompted,LLM,0
120,BoS,1,7,Prompted,LLM,1
120,BoS,1,7,Prompted,LLM,1
120,BoS,0,0,Prompted,LLM,0
120,BoS,0,0,Prompted,LLM,0
120,BoS,1,7,Prompted,LLM,1
120,BoS,1,7,Prompted,LLM,1
120,BoS,1,7,Prompted,LLM,1
120,BoS,1,7,Prompted,LLM,1
120,BoS,1,7,Prompted,LLM,1
120,BoS,1,7,Prompted,LLM,1
120,PD,0,10,Prompted,Human,0
120,PD,0,5,Prompted,Human,1
120,PD,0,5,Prompted,Human,1
120,PD,1,8,Prompted,Human,0
120,PD,1,8,Prompted,Human,0
120,PD,0,5,Prompted,Human,1
120,PD,1,0,Prompted,Human,0
120,PD,1,0,Prompted,Human,0
120,PD,0,5,Prompted,Human,1
120,PD,1,0,Prompted,Human,0
121,BoS,0,0,Prompted,LLM,0
121,BoS,0,10,Prompted,LLM,1
121,BoS,1,0,Prompted,LLM,0
121,BoS,0,10,Prompted,LLM,1
121,BoS,0,10,Prompted,LLM,1
121,BoS,1,0,Prompted,LLM,0
121,BoS,1,0,Prompted,LLM,0
121,BoS,1,7,Prompted,LLM,1
121,BoS,0,0,Prompted,LLM,0
121,BoS,0,0,Prompted,LLM,0
121,PD,0,10,Prompted,LLM,0
121,PD,0,5,Prompted,LLM,1
121,PD,0,5,Prompted,LLM,1
121,PD,0,10,Prompted,LLM,0
121,PD,0,5,Prompted,LLM,1
121,PD,0,5,Prompted,LLM,1
121,PD,0,5,Prompted,LLM,1
121,PD,0,5,Prompted,LLM,1
121,PD,0,5,Prompted,LLM,1
121,PD,0,5,Prompted,LLM,1
122,PD,0,10,Base,LLM,0
122,PD,0,5,Base,LLM,1
122,PD,0,5,Base,LLM,1
122,PD,1,8,Base,LLM,0
122,PD,0,10,Base,LLM,0
122,PD,0,5,Base,LLM,1
122,PD,0,5,Base,LLM,1
122,PD,1,0,Base,LLM,0
122,PD,1,0,Base,LLM,0
122,PD,0,5,Base,LLM,1
122,BoS,0,0,Base,Human,0
122,BoS,0,10,Base,Human,1
122,BoS,0,10,Base,Human,1
122,BoS,0,10,Base,Human,1
122,BoS,0,10,Base,Human,1
122,BoS,1,0,Base,Human,0
122,BoS,0,0,Base,Human,0
122,BoS,0,10,Base,Human,1
122,BoS,0,10,Base,Human,1
122,BoS,0,10,Base,Human,1
123,BoS,1,7,Prompted,Human,1
123,BoS,1,7,Prompted,Human,1
123,BoS,1,7,Prompted,Human,1
123,BoS,1,7,Prompted,Human,1
123,BoS,0,0,Prompted,Human,0
123,BoS,1,0,Prompted,Human,0
123,BoS,0,0,Prompted,Human,0
123,BoS,0,10,Prompted,Human,1
123,BoS,0,0,Prompted,Human,0
123,BoS,0,10,Prompted,Human,1
123,PD,0,10,Prompted,Human,0
123,PD,0,5,Prompted,Human,1
123,PD,0,5,Prompted,Human,1
123,PD,0,5,Prompted,Human,1
123,PD,0,5,Prompted,Human,1
123,PD,0,5,Prompted,Human,1
123,PD,0,5,Prompted,Human,1
123,PD,0,5,Prompted,Human,1
123,PD,0,5,Prompted,Human,1
123,PD,0,5,Prompted,Human,1
124,BoS,1,7,Prompted,LLM,1
124,BoS,1,7,Prompted,LLM,1
124,BoS,1,7,Prompted,LLM,1
124,BoS,1,7,Prompted,LLM,1
124,BoS,0,0,Prompted,LLM,0
124,BoS,1,7,Prompted,LLM,1
124,BoS,1,7,Prompted,LLM,1
124,BoS,1,7,Prompted,LLM,1
124,BoS,1,7,Prompted,LLM,1
124,BoS,1,7,Prompted,LLM,1
124,PD,0,10,Prompted,LLM,0
124,PD,0,5,Prompted,LLM,1
124,PD,1,0,Prompted,LLM,0
124,PD,0,10,Prompted,LLM,0
124,PD,1,0,Prompted,LLM,0
124,PD,0,5,Prompted,LLM,1
124,PD,0,5,Prompted,LLM,1
124,PD,0,5,Prompted,LLM,1
124,PD,1,0,Prompted,LLM,0
124,PD,0,5,Prompted,LLM,1
125,PD,0,10,Prompted,LLM,0
125,PD,1,0,Prompted,LLM,0
125,PD,0,5,Prompted,LLM,1
125,PD,0,5,Prompted,LLM,1
125,PD,0,5,Prompted,LLM,1
125,PD,0,5,Prompted,LLM,1
125,PD,0,5,Prompted,LLM,1
125,PD,0,5,Prompted,LLM,1
125,PD,0,5,Prompted,LLM,1
125,PD,0,5,Prompted,LLM,1
125,BoS,1,7,Prompted,LLM,1
125,BoS,1,7,Prompted,LLM,1
125,BoS,1,7,Prompted,LLM,1
125,BoS,1,7,Prompted,LLM,1
125,BoS,1,7,Prompted,LLM,1
125,BoS,1,7,Prompted,LLM,1
125,BoS,1,7,Prompted,LLM,1
125,BoS,1,7,Prompted,LLM,1
125,BoS,1,7,Prompted,LLM,1
125,BoS,1,0,Prompted,LLM,0
126,BoS,0,0,Base,LLM,0
126,BoS,1,0,Base,LLM,0
126,BoS,1,0,Base,LLM,0
126,BoS,1,7,Base,LLM,1
126,BoS,0,0,Base,LLM,0
126,BoS,0,10,Base,LLM,1
126,BoS,1,7,Base,LLM,1
126,BoS,0,0,Base,LLM,0
126,BoS,0,0,Base,LLM,0
126,BoS,0,0,Base,LLM,0
126,PD,1,8,Base,Human,0
126,PD,1,8,Base,Human,0
126,PD,1,8,Base,Human,0
126,PD,1,8,Base,Human,0
126,PD,1,8,Base,Human,0
126,PD,1,8,Base,Human,0
126,PD,1,8,Base,Human,0
126,PD,1,8,Base,Human,0
126,PD,1,8,Base,Human,0
126,PD,1,8,Base,Human,0
127,PD,0,10,Prompted,Human,0
127,PD,0,5,Prompted,Human,1
127,PD,0,5,Prompted,Human,1
127,PD,1,0,Prompted,Human,0
127,PD,0,5,Prompted,Human,1
127,PD,0,5,Prompted,Human,1
127,PD,0,5,Prompted,Human,1
127,PD,0,5,Prompted,Human,1
127,PD,0,5,Prompted,Human,1
127,PD,1,0,Prompted,Human,0
127,BoS,0,0,Prompted,LLM,0
127,BoS,0,10,Prompted,LLM,1
127,BoS,1,0,Prompted,LLM,0
127,BoS,0,0,Prompted,LLM,0
127,BoS,0,10,Prompted,LLM,1
127,BoS,0,10,Prompted,LLM,1
127,BoS,0,10,Prompted,LLM,1
127,BoS,0,10,Prompted,LLM,1
127,BoS,0,0,Prompted,LLM,0
127,BoS,1,0,Prompted,LLM,0
128,PD,0,10,Base,LLM,0
128,PD,0,5,Base,LLM,1
128,PD,1,0,Base,LLM,0
128,PD,0,10,Base,LLM,0
128,PD,0,5,Base,LLM,1
128,PD,0,5,Base,LLM,1
128,PD,0,5,Base,LLM,1
128,PD,0,5,Base,LLM,1
128,PD,0,5,Base,LLM,1
128,PD,0,5,Base,LLM,1
128,BoS,1,7,Base,LLM,1
128,BoS,1,7,Base,LLM,1
128,BoS,0,0,Base,LLM,0
128,BoS,0,0,Base,LLM,0
128,BoS,1,0,Base,LLM,0
128,BoS,1,7,Base,LLM,1
128,BoS,1,7,Base,LLM,1
128,BoS,1,7,Base,LLM,1
128,BoS,1,7,Base,LLM,1
128,BoS,1,7,Base,LLM,1
129,PD,0,10,Prompted,Human,0
129,PD,0,5,Prompted,Human,1
129,PD,0,5,Prompted,Human,1
129,PD,0,10,Prompted,Human,0
129,PD,0,5,Prompted,Human,1
129,PD,0,5,Prompted,Human,1
129,PD,0,5,Prompted,Human,1
129,PD,0,5,Prompted,Human,1
129,PD,0,5,Prompted,Human,1
129,PD,0,5,Prompted,Human,1
129,BoS,1,7,Prompted,LLM,1
129,BoS,1,7,Prompted,LLM,1
129,BoS,0,0,Prompted,LLM,0
129,BoS,0,0,Prompted,LLM,0
129,BoS,0,10,Prompted,LLM,1
129,BoS,0,10,Prompted,LLM,1
129,BoS,0,10,Prompted,LLM,1
129,BoS,0,0,Prompted,LLM,0
129,BoS,0,10,Prompted,LLM,1
129,BoS,0,10,Prompted,LLM,1
130,PD,1,8,Prompted,Human,0
130,PD,1,8,Prompted,Human,0
130,PD,1,8,Prompted,Human,0
130,PD,1,8,Prompted,Human,0
130,PD,1,8,Prompted,Human,0
130,PD,1,8,Prompted,Human,0
130,PD,1,8,Prompted,Human,0
130,PD,1,8,Prompted,Human,0
130,PD,1,8,Prompted,Human,0
130,PD,1,8,Prompted,Human,0
130,BoS,1,7,Prompted,LLM,1
130,BoS,0,0,Prompted,LLM,0
130,BoS,0,0,Prompted,LLM,0
130,BoS,1,7,Prompted,LLM,1
130,BoS,1,7,Prompted,LLM,1
130,BoS,1,7,Prompted,LLM,1
130,BoS,1,7,Prompted,LLM,1
130,BoS,1,0,Prompted,LLM,0
130,BoS,1,7,Prompted,LLM,1
130,BoS,1,7,Prompted,LLM,1
131,BoS,1,7,Prompted,Human,1
131,BoS,0,0,Prompted,Human,0
131,BoS,0,0,Prompted,Human,0
131,BoS,0,0,Prompted,Human,0
131,BoS,0,10,Prompted,Human,1
131,BoS,0,10,Prompted,Human,1
131,BoS,0,10,Prompted,Human,1
131,BoS,0,10,Prompted,Human,1
131,BoS,0,10,Prompted,Human,1
131,BoS,0,10,Prompted,Human,1
131,PD,0,10,Prompted,Human,0
131,PD,0,5,Prompted,Human,1
131,PD,0,5,Prompted,Human,1
131,PD,0,10,Prompted,Human,0
131,PD,0,5,Prompted,Human,1
131,PD,0,5,Prompted,Human,1
131,PD,0,5,Prompted,Human,1
131,PD,0,5,Prompted,Human,1
131,PD,0,5,Prompted,Human,1
131,PD,0,5,Prompted,Human,1
132,BoS,1,7,Prompted,LLM,1
132,BoS,0,0,Prompted,LLM,0
132,BoS,1,0,Prompted,LLM,0
132,BoS,1,7,Prompted,LLM,1
132,BoS,0,0,Prompted,LLM,0
132,BoS,1,7,Prompted,LLM,1
132,BoS,1,7,Prompted,LLM,1
132,BoS,0,0,Prompted,LLM,0
132,BoS,1,7,Prompted,LLM,1
132,BoS,1,0,Prompted,LLM,0
132,PD,0,10,Prompted,Human,0
132,PD,0,5,Prompted,Human,1
132,PD,1,0,Prompted,Human,0
132,PD,1,0,Prompted,Human,0
132,PD,0,5,Prompted,Human,1
132,PD,1,0,Prompted,Human,0
132,PD,0,5,Prompted,Human,1
132,PD,0,10,Prompted,Human,0
132,PD,0,5,Prompted,Human,1
132,PD,0,5,Prompted,Human,1
133,PD,0,10,Prompted,Human,0
133,PD,0,5,Prompted,Human,1
133,PD,1,0,Prompted,Human,0
133,PD,0,5,Prompted,Human,1
133,PD,0,5,Prompted,Human,1
133,PD,0,5,Prompted,Human,1
133,PD,0,5,Prompted,Human,1
133,PD,0,5,Prompted,Human,1
133,PD,0,5,Prompted,Human,1
133,PD,0,5,Prompted,Human,1
133,BoS,1,7,Prompted,Human,1
133,BoS,0,0,Prompted,Human,0
133,BoS,1,0,Prompted,Human,0
133,BoS,1,7,Prompted,Human,1
133,BoS,1,7,Prompted,Human,1
133,BoS,1,7,Prompted,Human,1
133,BoS,0,0,Prompted,Human,0
133,BoS,0,0,Prompted,Human,0
133,BoS,0,0,Prompted,Human,0
133,BoS,0,10,Prompted,Human,1
134,PD,1,8,Base,Human,0
134,PD,1,8,Base,Human,0
134,PD,1,8,Base,Human,0
134,PD,0,10,Base,Human,0
134,PD,1,0,Base,Human,0
134,PD,0,10,Base,Human,0
134,PD,1,0,Base,Human,0
134,PD,1,0,Base,Human,0
134,PD,0,5,Base,Human,1
134,PD,0,5,Base,Human,1
134,BoS,1,7,Base,LLM,1
134,BoS,1,7,Base,LLM,1
134,BoS,1,7,Base,LLM,1
134,BoS,0,0,Base,LLM,0
134,BoS,1,7,Base,LLM,1
134,BoS,0,0,Base,LLM,0
134,BoS,0,0,Base,LLM,0
134,BoS,1,0,Base,LLM,0
134,BoS,1,7,Base,LLM,1
134,BoS,0,0,Base,LLM,0
135,PD,0,10,Prompted,LLM,0
135,PD,0,5,Prompted,LLM,0
135,PD,0,5,Prompted,LLM,1
135,PD,0,5,Prompted,LLM,0
135,PD,0,5,Prompted,LLM,0
135,PD,0,5,Prompted,LLM,1
135,PD,0,5,Prompted,LLM,0
135,PD,0,5,Prompted,LLM,1
135,PD,0,5,Prompted,LLM,0
135,PD,0,5,Prompted,LLM,1
135,BoS,1,7,Prompted,LLM,1
135,BoS,0,0,Prompted,LLM,0
135,BoS,0,10,Prompted,LLM,1
135,BoS,0,0,Prompted,LLM,0
135,BoS,0,10,Prompted,LLM,1
135,BoS,1,0,Prompted,LLM,0
135,BoS,0,10,Prompted,LLM,1
135,BoS,1,0,Prompted,LLM,0
135,BoS,0,0,Prompted,LLM,0
135,BoS,0,10,Prompted,LLM,1
136,BoS,1,7,Base,Human,1
136,BoS,0,0,Base,Human,0
136,BoS,0,10,Base,Human,1
136,BoS,0,10,Base,Human,1
136,BoS,0,0,Base,Human,0
136,BoS,1,0,Base,Human,0
136,BoS,1,0,Base,Human,0
136,BoS,1,7,Base,Human,1
136,BoS,1,7,Base,Human,1
136,BoS,1,7,Base,Human,1
136,PD,0,10,Base,Human,0
136,PD,0,5,Base,Human,1
136,PD,0,5,Base,Human,1
136,PD,1,0,Base,Human,0
136,PD,0,10,Base,Human,0
136,PD,0,5,Base,Human,1
136,PD,0,5,Base,Human,1
136,PD,0,5,Base,Human,1
136,PD,0,5,Base,Human,1
136,PD,0,5,Base,Human,1
137,PD,0,10,Prompted,Human,0
137,PD,0,5,Prompted,Human,1
137,PD,1,0,Prompted,Human,0
137,PD,0,10,Prompted,Human,0
137,PD,0,5,Prompted,Human,1
137,PD,0,5,Prompted,Human,1
137,PD,0,5,Prompted,Human,1
137,PD,0,5,Prompted,Human,1
137,PD,0,5,Prompted,Human,1
137,PD,0,5,Prompted,Human,1
137,BoS,0,0,Prompted,LLM,0
137,BoS,0,0,Prompted,LLM,0
137,BoS,1,7,Prompted,LLM,1
137,BoS,1,7,Prompted,LLM,1
137,BoS,0,0,Prompted,LLM,0
137,BoS,0,0,Prompted,LLM,0
137,BoS,0,0,Prompted,LLM,0
137,BoS,0,10,Prompted,LLM,1
137,BoS,0,0,Prompted,LLM,0
137,BoS,0,10,Prompted,LLM,1
138,BoS,0,0,Prompted,LLM,0
138,BoS,1,0,Prompted,LLM,0
138,BoS,0,10,Prompted,LLM,1
138,BoS,0,0,Prompted,LLM,0
138,BoS,0,10,Prompted,LLM,1
138,BoS,1,0,Prompted,LLM,0
138,BoS,0,0,Prompted,LLM,0
138,BoS,0,10,Prompted,LLM,1
138,BoS,1,7,Prompted,LLM,1
138,BoS,0,0,Prompted,LLM,0
138,PD,0,10,Prompted,Human,0
138,PD,0,5,Prompted,Human,1
138,PD,0,5,Prompted,Human,1
138,PD,0,5,Prompted,Human,1
138,PD,0,5,Prompted,Human,1
138,PD,0,5,Prompted,Human,1
138,PD,0,5,Prompted,Human,1
138,PD,0,5,Prompted,Human,1
138,PD,0,5,Prompted,Human,1
138,PD,0,5,Prompted,Human,1
139,PD,1,8,Base,Human,0
139,PD,1,8,Base,Human,0
139,PD,1,8,Base,Human,0
139,PD,0,10,Base,Human,0
139,PD,0,5,Base,Human,1
139,PD,1,0,Base,Human,0
139,PD,0,10,Base,Human,0
139,PD,1,0,Base,Human,0
139,PD,1,0,Base,Human,0
139,PD,0,5,Base,Human,1
139,BoS,0,0,Base,LLM,0
139,BoS,1,7,Base,LLM,1
139,BoS,0,10,Base,LLM,1
139,BoS,1,0,Base,LLM,0
139,BoS,1,7,Base,LLM,1
139,BoS,0,0,Base,LLM,0
139,BoS,0,0,Base,LLM,0
139,BoS,0,10,Base,LLM,1
139,BoS,1,7,Base,LLM,1
139,BoS,0,0,Base,LLM,0
140,PD,0,10,Prompted,Human,0
140,PD,1,0,Prompted,Human,0
140,PD,0,10,Prompted,Human,0
140,PD,0,5,Prompted,Human,1
140,PD,0,5,Prompted,Human,1
140,PD,0,5,Prompted,Human,1
140,PD,1,0,Prompted,Human,0
140,PD,0,5,Prompted,Human,1
140,PD,0,10,Prompted,Human,0
140,PD,0,5,Prompted,Human,1
140,BoS,1,7,Prompted,Human,1
140,BoS,0,0,Prompted,Human,0
140,BoS,0,10,Prompted,Human,1
140,BoS,0,0,Prompted,Human,0
140,BoS,0,0,Prompted,Human,0
140,BoS,0,10,Prompted,Human,1
140,BoS,0,10,Prompted,Human,1
140,BoS,0,10,Prompted,Human,1
140,BoS,0,0,Prompted,Human,0
140,BoS,0,10,Prompted,Human,1
141,PD,1,8,Base,Human,0
141,PD,0,10,Base,Human,0
141,PD,0,5,Base,Human,1
141,PD,0,10,Base,Human,0
141,PD,0,5,Base,Human,1
141,PD,1,0,Base,Human,0
141,PD,0,5,Base,Human,1
141,PD,0,5,Base,Human,1
141,PD,0,5,Base,Human,1
141,PD,0,5,Base,Human,1
141,BoS,1,7,Base,Human,1
141,BoS,1,7,Base,Human,1
141,BoS,1,7,Base,Human,1
141,BoS,1,7,Base,Human,1
141,BoS,1,7,Base,Human,1
141,BoS,1,7,Base,Human,1
141,BoS,0,0,Base,Human,0
141,BoS,0,10,Base,Human,1
141,BoS,0,0,Base,Human,0
141,BoS,0,0,Base,Human,0
142,PD,1,8,Base,Human,0
142,PD,1,8,Base,Human,0
142,PD,1,8,Base,Human,0
142,PD,1,8,Base,Human,0
142,PD,1,8,Base,Human,0
142,PD,1,8,Base,Human,0
142,PD,1,8,Base,Human,0
142,PD,1,8,Base,Human,0
142,PD,1,8,Base,Human,0
142,PD,1,8,Base,Human,0
142,BoS,1,7,Base,Human,1
142,BoS,1,7,Base,Human,1
142,BoS,1,7,Base,Human,1
142,BoS,1,7,Base,Human,1
142,BoS,1,7,Base,Human,1
142,BoS,1,7,Base,Human,1
142,BoS,1,7,Base,Human,1
142,BoS,1,7,Base,Human,1
142,BoS,1,7,Base,Human,1
142,BoS,1,7,Base,Human,1
143,BoS,1,7,Prompted,LLM,1
143,BoS,0,0,Prompted,LLM,0
143,BoS,1,0,Prompted,LLM,0
143,BoS,1,7,Prompted,LLM,1
143,BoS,0,0,Prompted,LLM,0
143,BoS,0,0,Prompted,LLM,0
143,BoS,0,10,Prompted,LLM,1
143,BoS,0,0,Prompted,LLM,0
143,BoS,0,10,Prompted,LLM,1
143,BoS,0,0,Prompted,LLM,0
143,PD,0,10,Prompted,Human,0
143,PD,0,5,Prompted,Human,1
143,PD,0,5,Prompted,Human,1
143,PD,0,10,Prompted,Human,0
143,PD,0,5,Prompted,Human,1
143,PD,0,5,Prompted,Human,1
143,PD,0,5,Prompted,Human,1
143,PD,0,5,Prompted,Human,1
143,PD,0,5,Prompted,Human,1
143,PD,0,5,Prompted,Human,1
144,PD,0,10,Base,Human,0
144,PD,0,5,Base,Human,1
144,PD,1,0,Base,Human,0
144,PD,0,10,Base,Human,0
144,PD,0,5,Base,Human,1
144,PD,0,5,Base,Human,1
144,PD,0,5,Base,Human,1
144,PD,0,5,Base,Human,1
144,PD,1,0,Base,Human,0
144,PD,0,5,Base,Human,1
144,BoS,0,0,Base,LLM,0
144,BoS,1,7,Base,LLM,1
144,BoS,1,7,Base,LLM,1
144,BoS,0,0,Base,LLM,0
144,BoS,0,0,Base,LLM,0
144,BoS,0,0,Base,LLM,0
144,BoS,0,0,Base,LLM,0
144,BoS,0,0,Base,LLM,0
144,BoS,0,0,Base,LLM,0
144,BoS,0,0,Base,LLM,0
145,PD,0,10,Base,LLM,0
145,PD,0,5,Base,LLM,1
145,PD,0,5,Base,LLM,1
145,PD,0,10,Base,LLM,0
145,PD,0,5,Base,LLM,1
145,PD,1,0,Base,LLM,0
145,PD,0,5,Base,LLM,1
145,PD,0,5,Base,LLM,1
145,PD,0,5,Base,LLM,1
145,PD,0,5,Base,LLM,1
145,BoS,0,0,Base,Human,0
145,BoS,0,10,Base,Human,1
145,BoS,0,0,Base,Human,0
145,BoS,1,7,Base,Human,1
145,BoS,0,10,Base,Human,1
145,BoS,1,7,Base,Human,1
145,BoS,0,10,Base,Human,1
145,BoS,1,7,Base,Human,1
145,BoS,0,10,Base,Human,1
145,BoS,1,7,Base,Human,1
146,PD,0,10,Base,LLM,0
146,PD,0,5,Base,LLM,1
146,PD,1,0,Base,LLM,0
146,PD,0,5,Base,LLM,1
146,PD,0,5,Base,LLM,1
146,PD,1,0,Base,LLM,0
146,PD,0,5,Base,LLM,1
146,PD,0,5,Base,LLM,1
146,PD,0,5,Base,LLM,1
146,PD,0,5,Base,LLM,1
146,BoS,1,7,Base,Human,1
146,BoS,1,7,Base,Human,1
146,BoS,0,0,Base,Human,0
146,BoS,0,0,Base,Human,0
146,BoS,1,7,Base,Human,1
146,BoS,0,0,Base,Human,0
146,BoS,1,7,Base,Human,1
146,BoS,1,0,Base,Human,0
146,BoS,0,0,Base,Human,0
146,BoS,1,7,Base,Human,1
147,BoS,1,7,Base,Human,1
147,BoS,1,7,Base,Human,1
147,BoS,1,7,Base,Human,1
147,BoS,1,7,Base,Human,1
147,BoS,1,7,Base,Human,1
147,BoS,1,7,Base,Human,1
147,BoS,1,7,Base,Human,1
147,BoS,1,7,Base,Human,1
147,BoS,1,7,Base,Human,1
147,BoS,1,7,Base,Human,1
147,PD,1,8,Base,Human,0
147,PD,1,8,Base,Human,0
147,PD,1,8,Base,Human,0
147,PD,1,8,Base,Human,0
147,PD,1,8,Base,Human,0
147,PD,1,8,Base,Human,0
147,PD,1,8,Base,Human,0
147,PD,1,8,Base,Human,0
147,PD,1,8,Base,Human,0
147,PD,1,8,Base,Human,0
148,BoS,0,0,Prompted,Human,0
148,BoS,0,0,Prompted,Human,0
148,BoS,1,0,Prompted,Human,0
148,BoS,1,0,Prompted,Human,0
148,BoS,1,7,Prompted,Human,1
148,BoS,0,0,Prompted,Human,0
148,BoS,0,0,Prompted,Human,0
148,BoS,0,0,Prompted,Human,0
148,BoS,0,10,Prompted,Human,1
148,BoS,0,10,Prompted,Human,1
148,PD,0,10,Prompted,Human,0
148,PD,0,5,Prompted,Human,1
148,PD,1,0,Prompted,Human,0
148,PD,0,5,Prompted,Human,1
148,PD,0,5,Prompted,Human,1
148,PD,0,5,Prompted,Human,1
148,PD,0,5,Prompted,Human,1
148,PD,0,5,Prompted,Human,1
148,PD,0,5,Prompted,Human,1
148,PD,0,5,Prompted,Human,1
149,PD,1,8,Prompted,Human,0
149,PD,1,8,Prompted,Human,0
149,PD,0,10,Prompted,Human,0
149,PD,1,0,Prompted,Human,0
149,PD,1,0,Prompted,Human,0
149,PD,0,5,Prompted,Human,1
149,PD,0,5,Prompted,Human,1
149,PD,1,8,Prompted,Human,0
149,PD,0,5,Prompted,Human,1
149,PD,1,0,Prompted,Human,0
149,BoS,1,7,Prompted,LLM,1
149,BoS,0,0,Prompted,LLM,0
149,BoS,1,0,Prompted,LLM,0
149,BoS,0,0,Prompted,LLM,0
149,BoS,0,0,Prompted,LLM,0
149,BoS,0,0,Prompted,LLM,0
149,BoS,0,10,Prompted,LLM,1
149,BoS,0,0,Prompted,LLM,0
149,BoS,0,0,Prompted,LLM,0
149,BoS,0,10,Prompted,LLM,1
150,PD,1,8,Base,LLM,0
150,PD,0,10,Base,LLM,0
150,PD,1,0,Base,LLM,0
150,PD,1,8,Base,LLM,0
150,PD,1,8,Base,LLM,0
150,PD,1,8,Base,LLM,0
150,PD,1,8,Base,LLM,0
150,PD,1,0,Base,LLM,0
150,PD,0,10,Base,LLM,0
150,PD,0,5,Base,LLM,1
150,BoS,0,0,Base,LLM,0
150,BoS,0,0,Base,LLM,0
150,BoS,0,0,Base,LLM,0
150,BoS,1,0,Base,LLM,0
150,BoS,0,10,Base,LLM,1
150,BoS,1,7,Base,LLM,1
150,BoS,0,10,Base,LLM,1
150,BoS,1,7,Base,LLM,1
150,BoS,0,0,Base,LLM,0
150,BoS,1,7,Base,LLM,1
151,PD,1,8,Prompted,Human,0
151,PD,1,8,Prompted,Human,0
151,PD,1,8,Prompted,Human,0
151,PD,1,8,Prompted,Human,0
151,PD,1,8,Prompted,Human,0
151,PD,1,8,Prompted,Human,0
151,PD,1,8,Prompted,Human,0
151,PD,1,8,Prompted,Human,0
151,PD,1,8,Prompted,Human,0
151,PD,1,8,Prompted,Human,0
151,BoS,1,7,Prompted,LLM,1
151,BoS,0,0,Prompted,LLM,0
151,BoS,0,10,Prompted,LLM,1
151,BoS,0,10,Prompted,LLM,1
151,BoS,0,0,Prompted,LLM,0
151,BoS,1,0,Prompted,LLM,0
151,BoS,1,7,Prompted,LLM,1
151,BoS,1,7,Prompted,LLM,1
151,BoS,1,7,Prompted,LLM,1
151,BoS,1,7,Prompted,LLM,1
152,BoS,1,7,Base,LLM,1
152,BoS,0,0,Base,LLM,0
152,BoS,1,0,Base,LLM,0
152,BoS,0,0,Base,LLM,0
152,BoS,0,0,Base,LLM,0
152,BoS,1,0,Base,LLM,0
152,BoS,1,0,Base,LLM,0
152,BoS,1,7,Base,LLM,1
152,BoS,0,10,Base,LLM,1
152,BoS,0,0,Base,LLM,0
152,PD,1,8,Base,LLM,0
152,PD,1,8,Base,LLM,0
152,PD,1,8,Base,LLM,0
152,PD,1,8,Base,LLM,0
152,PD,1,8,Base,LLM,0
152,PD,1,8,Base,LLM,0
152,PD,1,8,Base,LLM,0
152,PD,1,8,Base,LLM,0
152,PD,1,8,Base,LLM,0
152,PD,0,10,Base,LLM,0
153,BoS,0,0,Base,LLM,0
153,BoS,1,7,Base,LLM,1
153,BoS,1,7,Base,LLM,1
153,BoS,1,7,Base,LLM,1
153,BoS,0,0,Base,LLM,0
153,BoS,0,10,Base,LLM,1
153,BoS,0,0,Base,LLM,0
153,BoS,0,0,Base,LLM,0
153,BoS,0,0,Base,LLM,0
153,BoS,1,7,Base,LLM,1
153,PD,1,8,Base,Human,0
153,PD,0,10,Base,Human,0
153,PD,0,5,Base,Human,1
153,PD,0,5,Base,Human,1
153,PD,0,5,Base,Human,1
153,PD,1,0,Base,Human,0
153,PD,1,0,Base,Human,0
153,PD,0,5,Base,Human,1
153,PD,0,5,Base,Human,1
153,PD,0,0,Base,Human,0
154,PD,0,10,Prompted,Human,0
154,PD,1,0,Prompted,Human,0
154,PD,1,0,Prompted,Human,0
154,PD,1,0,Prompted,Human,0
154,PD,0,5,Prompted,Human,1
154,PD,0,5,Prompted,Human,1
154,PD,0,5,Prompted,Human,1
154,PD,0,5,Prompted,Human,1
154,PD,0,5,Prompted,Human,1
154,PD,0,5,Prompted,Human,1
154,BoS,1,7,Prompted,Human,1
154,BoS,0,0,Prompted,Human,0
154,BoS,0,10,Prompted,Human,1
154,BoS,0,10,Prompted,Human,1
154,BoS,0,0,Prompted,Human,0
154,BoS,0,10,Prompted,Human,1
154,BoS,0,10,Prompted,Human,1
154,BoS,0,10,Prompted,Human,1
154,BoS,0,10,Prompted,Human,1
154,BoS,0,10,Prompted,Human,1
155,BoS,0,0,Base,Human,0
155,BoS,1,0,Base,Human,0
155,BoS,0,10,Base,Human,1
155,BoS,0,0,Base,Human,0
155,BoS,0,10,Base,Human,1
155,BoS,1,0,Base,Human,0
155,BoS,0,0,Base,Human,0
155,BoS,0,0,Base,Human,0
155,BoS,0,0,Base,Human,0
155,BoS,0,10,Base,Human,1
155,PD,0,10,Base,Human,0
155,PD,0,5,Base,Human,1
155,PD,0,5,Base,Human,1
155,PD,1,0,Base,Human,0
155,PD,0,10,Base,Human,0
155,PD,0,5,Base,Human,1
155,PD,0,5,Base,Human,1
155,PD,0,5,Base,Human,1
155,PD,0,5,Base,Human,1
155,PD,0,5,Base,Human,1
156,BoS,0,0,Prompted,Human,0
156,BoS,0,10,Prompted,Human,1
156,BoS,0,0,Prompted,Human,0
156,BoS,1,0,Prompted,Human,0
156,BoS,0,0,Prompted,Human,0
156,BoS,1,7,Prompted,Human,1
156,BoS,0,0,Prompted,Human,0
156,BoS,0,0,Prompted,Human,0
156,BoS,0,10,Prompted,Human,1
156,BoS,1,0,Prompted,Human,0
156,PD,1,8,Prompted,Human,0
156,PD,1,8,Prompted,Human,0
156,PD,1,8,Prompted,Human,0
156,PD,1,8,Prompted,Human,0
156,PD,1,8,Prompted,Human,0
156,PD,1,8,Prompted,Human,0
156,PD,1,8,Prompted,Human,0
156,PD,1,8,Prompted,Human,0
156,PD,1,8,Prompted,Human,0
156,PD,1,8,Prompted,Human,0
157,BoS,1,7,Prompted,LLM,1
157,BoS,0,0,Prompted,LLM,0
157,BoS,0,0,Prompted,LLM,0
157,BoS,0,10,Prompted,LLM,1
157,BoS,1,0,Prompted,LLM,0
157,BoS,0,10,Prompted,LLM,1
157,BoS,0,10,Prompted,LLM,1
157,BoS,0,0,Prompted,LLM,0
157,BoS,1,0,Prompted,LLM,0
157,BoS,0,0,Prompted,LLM,0
157,PD,0,10,Prompted,Human,0
157,PD,0,5,Prompted,Human,1
157,PD,1,0,Prompted,Human,0
157,PD,0,5,Prompted,Human,1
157,PD,0,5,Prompted,Human,1
157,PD,0,5,Prompted,Human,1
157,PD,0,5,Prompted,Human,1
157,PD,0,5,Prompted,Human,1
157,PD,0,5,Prompted,Human,1
157,PD,0,5,Prompted,Human,1
158,PD,1,8,Prompted,Human,0
158,PD,1,8,Prompted,Human,0
158,PD,1,8,Prompted,Human,0
158,PD,1,8,Prompted,Human,0
158,PD,1,8,Prompted,Human,0
158,PD,1,8,Prompted,Human,0
158,PD,1,8,Prompted,Human,0
158,PD,1,8,Prompted,Human,0
158,PD,1,8,Prompted,Human,0
158,PD,1,8,Prompted,Human,0
158,BoS,1,7,Prompted,LLM,1
158,BoS,0,0,Prompted,LLM,0
158,BoS,0,0,Prompted,LLM,0
158,BoS,1,7,Prompted,LLM,1
158,BoS,1,7,Prompted,LLM,1
158,BoS,1,7,Prompted,LLM,1
158,BoS,1,7,Prompted,LLM,1
158,BoS,1,0,Prompted,LLM,0
158,BoS,0,0,Prompted,LLM,0
158,BoS,1,7,Prompted,LLM,1
159,BoS,1,7,Prompted,LLM,1
159,BoS,0,0,Prompted,LLM,0
159,BoS,0,0,Prompted,LLM,0
159,BoS,0,10,Prompted,LLM,1
159,BoS,0,0,Prompted,LLM,0
159,BoS,0,10,Prompted,LLM,1
159,BoS,0,10,Prompted,LLM,1
159,BoS,0,10,Prompted,LLM,1
159,BoS,1,0,Prompted,LLM,0
159,BoS,0,0,Prompted,LLM,0
159,PD,0,10,Prompted,Human,0
159,PD,1,0,Prompted,Human,0
159,PD,0,5,Prompted,Human,1
159,PD,0,5,Prompted,Human,1
159,PD,0,5,Prompted,Human,1
159,PD,0,5,Prompted,Human,1
159,PD,0,5,Prompted,Human,1
159,PD,0,5,Prompted,Human,1
159,PD,0,5,Prompted,Human,1
159,PD,0,5,Prompted,Human,1
160,BoS,0,0,Prompted,LLM,0
160,BoS,1,7,Prompted,LLM,1
160,BoS,0,10,Prompted,LLM,1
160,BoS,1,7,Prompted,LLM,1
160,BoS,0,0,Prompted,LLM,0
160,BoS,0,10,Prompted,LLM,1
160,BoS,0,0,Prompted,LLM,0
160,BoS,1,7,Prompted,LLM,1
160,BoS,0,10,Prompted,LLM,1
160,BoS,1,0,Prompted,LLM,0
160,PD,1,8,Prompted,Human,0
160,PD,1,8,Prompted,Human,0
160,PD,1,8,Prompted,Human,0
160,PD,1,8,Prompted,Human,0
160,PD,1,8,Prompted,Human,0
160,PD,1,8,Prompted,Human,0
160,PD,1,8,Prompted,Human,0
160,PD,1,8,Prompted,Human,0
160,PD,1,8,Prompted,Human,0
160,PD,1,8,Prompted,Human,0
161,PD,1,8,Base,LLM,0
161,PD,0,10,Base,LLM,0
161,PD,1,0,Base,LLM,0
161,PD,1,8,Base,LLM,0
161,PD,1,8,Base,LLM,0
161,PD,1,0,Base,LLM,0
161,PD,0,10,Base,LLM,0
161,PD,1,0,Base,LLM,0
161,PD,0,10,Base,LLM,0
161,PD,0,5,Base,LLM,1
161,BoS,1,7,Base,Human,1
161,BoS,0,0,Base,Human,0
161,BoS,1,7,Base,Human,1
161,BoS,1,7,Base,Human,1
161,BoS,1,7,Base,Human,1
161,BoS,1,7,Base,Human,1
161,BoS,1,7,Base,Human,1
161,BoS,1,7,Base,Human,1
161,BoS,1,7,Base,Human,1
161,BoS,1,7,Base,Human,1
162,BoS,0,0,Prompted,Human,0
162,BoS,0,10,Prompted,Human,1
162,BoS,0,10,Prompted,Human,1
162,BoS,0,0,Prompted,Human,0
162,BoS,0,10,Prompted,Human,1
162,BoS,0,10,Prompted,Human,1
162,BoS,0,10,Prompted,Human,1
162,BoS,0,10,Prompted,Human,1
162,BoS,0,10,Prompted,Human,1
162,BoS,0,10,Prompted,Human,1
162,PD,1,8,Prompted,LLM,0
162,PD,1,8,Prompted,LLM,0
162,PD,1,8,Prompted,LLM,0
162,PD,1,8,Prompted,LLM,0
162,PD,1,8,Prompted,LLM,0
162,PD,1,8,Prompted,LLM,0
162,PD,1,8,Prompted,LLM,0
162,PD,1,8,Prompted,LLM,0
162,PD,0,10,Prompted,LLM,0
162,PD,0,5,Prompted,LLM,1
163,PD,0,10,Base,Human,0
163,PD,0,5,Base,Human,1
163,PD,1,0,Base,Human,0
163,PD,0,10,Base,Human,0
163,PD,0,5,Base,Human,1
163,PD,0,5,Base,Human,1
163,PD,0,5,Base,Human,1
163,PD,0,5,Base,Human,1
163,PD,0,5,Base,Human,1
163,PD,0,5,Base,Human,1
163,BoS,0,0,Base,Human,0
163,BoS,0,0,Base,Human,0
163,BoS,0,10,Base,Human,1
163,BoS,0,0,Base,Human,0
163,BoS,0,10,Base,Human,1
163,BoS,0,10,Base,Human,1
163,BoS,0,10,Base,Human,1
163,BoS,0,10,Base,Human,1
163,BoS,0,10,Base,Human,1
163,BoS,0,10,Base,Human,1
164,PD,1,8,Base,Human,0
164,PD,0,10,Base,Human,0
164,PD,1,0,Base,Human,0
164,PD,0,10,Base,Human,0
164,PD,1,0,Base,Human,0
164,PD,1,0,Base,Human,0
164,PD,0,5,Base,Human,1
164,PD,0,10,Base,Human,0
164,PD,0,5,Base,Human,1
164,PD,0,5,Base,Human,1
164,BoS,1,7,Base,LLM,1
164,BoS,0,0,Base,LLM,0
164,BoS,0,0,Base,LLM,0
164,BoS,0,10,Base,LLM,1
164,BoS,0,10,Base,LLM,1
164,BoS,0,10,Base,LLM,1
164,BoS,1,7,Base,LLM,1
164,BoS,0,10,Base,LLM,1
164,BoS,0,0,Base,LLM,0
164,BoS,1,7,Base,LLM,1
165,PD,0,10,Prompted,LLM,0
165,PD,0,5,Prompted,LLM,1
165,PD,0,5,Prompted,LLM,1
165,PD,0,5,Prompted,LLM,1
165,PD,0,5,Prompted,LLM,1
165,PD,0,5,Prompted,LLM,1
165,PD,0,5,Prompted,LLM,1
165,PD,0,5,Prompted,LLM,1
165,PD,0,5,Prompted,LLM,1
165,PD,0,5,Prompted,LLM,1
165,BoS,0,0,Prompted,Human,0
165,BoS,0,0,Prompted,Human,0
165,BoS,0,10,Prompted,Human,1
165,BoS,0,10,Prompted,Human,1
165,BoS,0,0,Prompted,Human,0
165,BoS,0,10,Prompted,Human,1
165,BoS,0,10,Prompted,Human,1
165,BoS,0,10,Prompted,Human,1
165,BoS,0,10,Prompted,Human,1
165,BoS,0,10,Prompted,Human,1
166,BoS,0,0,Prompted,LLM,0
166,BoS,1,0,Prompted,LLM,0
166,BoS,1,7,Prompted,LLM,1
166,BoS,1,7,Prompted,LLM,1
166,BoS,0,0,Prompted,LLM,0
166,BoS,1,7,Prompted,LLM,1
166,BoS,1,7,Prompted,LLM,1
166,BoS,1,0,Prompted,LLM,0
166,BoS,1,7,Prompted,LLM,1
166,BoS,1,7,Prompted,LLM,1
166,PD,1,8,Prompted,Human,0
166,PD,1,8,Prompted,Human,0
166,PD,1,8,Prompted,Human,0
166,PD,1,8,Prompted,Human,0
166,PD,1,8,Prompted,Human,0
166,PD,1,8,Prompted,Human,0
166,PD,1,8,Prompted,Human,0
166,PD,1,8,Prompted,Human,0
166,PD,1,8,Prompted,Human,0
166,PD,1,8,Prompted,Human,0
167,BoS,0,0,Base,LLM,0
167,BoS,0,10,Base,LLM,1
167,BoS,0,0,Base,LLM,0
167,BoS,1,0,Base,LLM,0
167,BoS,0,0,Base,LLM,0
167,BoS,0,0,Base,LLM,0
167,BoS,0,0,Base,LLM,0
167,BoS,1,0,Base,LLM,0
167,BoS,1,7,Base,LLM,1
167,BoS,0,0,Base,LLM,0
167,PD,1,8,Base,Human,0
167,PD,1,8,Base,Human,0
167,PD,1,8,Base,Human,0
167,PD,1,8,Base,Human,0
167,PD,1,8,Base,Human,0
167,PD,1,8,Base,Human,0
167,PD,1,8,Base,Human,0
167,PD,1,8,Base,Human,0
167,PD,1,8,Base,Human,0
167,PD,1,8,Base,Human,0
168,PD,1,8,Base,Human,0
168,PD,1,8,Base,Human,0
168,PD,1,8,Base,Human,0
168,PD,1,8,Base,Human,0
168,PD,1,8,Base,Human,0
168,PD,1,8,Base,Human,0
168,PD,1,8,Base,Human,0
168,PD,1,8,Base,Human,0
168,PD,1,8,Base,Human,0
168,PD,1,8,Base,Human,0
168,BoS,1,7,Base,Human,1
168,BoS,0,0,Base,Human,0
168,BoS,0,0,Base,Human,0
168,BoS,0,0,Base,Human,0
168,BoS,0,0,Base,Human,0
168,BoS,0,10,Base,Human,1
168,BoS,1,0,Base,Human,0
168,BoS,1,7,Base,Human,1
168,BoS,0,0,Base,Human,0
168,BoS,0,0,Base,Human,0
169,BoS,1,7,Base,LLM,1
169,BoS,0,0,Base,LLM,0
169,BoS,0,0,Base,LLM,0
169,BoS,0,0,Base,LLM,0
169,BoS,0,10,Base,LLM,1
169,BoS,1,0,Base,LLM,0
169,BoS,1,0,Base,LLM,0
169,BoS,1,7,Base,LLM,1
169,BoS,0,0,Base,LLM,0
169,BoS,0,0,Base,LLM,0
169,PD,1,8,Base,Human,0
169,PD,1,8,Base,Human,0
169,PD,1,8,Base,Human,0
169,PD,1,8,Base,Human,0
169,PD,1,8,Base,Human,0
169,PD,1,8,Base,Human,0
169,PD,1,8,Base,Human,0
169,PD,1,8,Base,Human,0
169,PD,1,8,Base,Human,0
169,PD,1,8,Base,Human,0
170,BoS,0,0,Prompted,Human,0
170,BoS,0,10,Prompted,Human,1
170,BoS,1,0,Prompted,Human,0
170,BoS,1,0,Prompted,Human,0
170,BoS,1,7,Prompted,Human,1
170,BoS,1,7,Prompted,Human,1
170,BoS,0,0,Prompted,Human,0
170,BoS,0,10,Prompted,Human,1
170,BoS,0,10,Prompted,Human,1
170,BoS,0,10,Prompted,Human,1
170,PD,1,8,Prompted,Human,0
170,PD,1,8,Prompted,Human,0
170,PD,1,8,Prompted,Human,0
170,PD,1,8,Prompted,Human,0
170,PD,1,8,Prompted,Human,0
170,PD,1,8,Prompted,Human,0
170,PD,1,8,Prompted,Human,0
170,PD,1,8,Prompted,Human,0
170,PD,1,8,Prompted,Human,0
170,PD,1,8,Prompted,Human,0
171,PD,0,10,Base,Human,0
171,PD,0,5,Base,Human,1
171,PD,0,5,Base,Human,1
171,PD,0,5,Base,Human,1
171,PD,0,5,Base,Human,1
171,PD,0,5,Base,Human,1
171,PD,1,0,Base,Human,0
171,PD,0,5,Base,Human,1
171,PD,0,5,Base,Human,1
171,PD,0,5,Base,Human,1
171,BoS,0,0,Base,Human,0
171,BoS,1,7,Base,Human,1
171,BoS,0,10,Base,Human,1
171,BoS,0,0,Base,Human,0
171,BoS,1,7,Base,Human,1
171,BoS,1,7,Base,Human,1
171,BoS,1,7,Base,Human,1
171,BoS,0,0,Base,Human,0
171,BoS,1,0,Base,Human,0
171,BoS,0,0,Base,Human,0
172,BoS,0,0,Base,LLM,0
172,BoS,0,0,Base,LLM,0
172,BoS,0,0,Base,LLM,0
172,BoS,1,7,Base,LLM,1
172,BoS,0,10,Base,LLM,1
172,BoS,1,0,Base,LLM,0
172,BoS,0,10,Base,LLM,1
172,BoS,0,0,Base,LLM,0
172,BoS,1,7,Base,LLM,1
172,BoS,0,10,Base,LLM,1
172,PD,0,10,Base,LLM,0
172,PD,0,5,Base,LLM,1
172,PD,0,5,Base,LLM,1
172,PD,0,10,Base,LLM,0
172,PD,0,5,Base,LLM,1
172,PD,0,5,Base,LLM,1
172,PD,0,5,Base,LLM,1
172,PD,0,5,Base,LLM,1
172,PD,0,5,Base,LLM,1
172,PD,0,5,Base,LLM,1
173,PD,1,8,Prompted,Human,0
173,PD,1,8,Prompted,Human,0
173,PD,1,8,Prompted,Human,0
173,PD,1,8,Prompted,Human,0
173,PD,1,8,Prompted,Human,0
173,PD,1,8,Prompted,Human,0
173,PD,1,8,Prompted,Human,0
173,PD,1,8,Prompted,Human,0
173,PD,1,8,Prompted,Human,0
173,PD,1,8,Prompted,Human,0
173,BoS,0,0,Prompted,Human,0
173,BoS,0,10,Prompted,Human,1
173,BoS,1,0,Prompted,Human,0
173,BoS,1,0,Prompted,Human,0
173,BoS,0,0,Prompted,Human,0
173,BoS,0,10,Prompted,Human,1
173,BoS,0,0,Prompted,Human,0
173,BoS,1,7,Prompted,Human,1
173,BoS,0,10,Prompted,Human,1
173,BoS,1,0,Prompted,Human,0
174,PD,0,10,Base,Human,0
174,PD,1,0,Base,Human,0
174,PD,1,8,Base,Human,0
174,PD,1,0,Base,Human,0
174,PD,0,5,Base,Human,1
174,PD,0,5,Base,Human,1
174,PD,0,5,Base,Human,1
174,PD,0,5,Base,Human,1
174,PD,0,5,Base,Human,1
174,PD,0,5,Base,Human,1
174,BoS,0,0,Base,LLM,0
174,BoS,0,0,Base,LLM,0
174,BoS,0,10,Base,LLM,1
174,BoS,1,7,Base,LLM,1
174,BoS,0,10,Base,LLM,1
174,BoS,0,0,Base,LLM,0
174,BoS,0,0,Base,LLM,0
174,BoS,0,0,Base,LLM,0
174,BoS,0,10,Base,LLM,1
174,BoS,0,0,Base,LLM,0
175,BoS,1,7,Base,LLM,1
175,BoS,0,0,Base,LLM,0
175,BoS,0,10,Base,LLM,1
175,BoS,0,10,Base,LLM,1
175,BoS,0,10,Base,LLM,1
175,BoS,0,10,Base,LLM,1
175,BoS,0,0,Base,LLM,0
175,BoS,0,10,Base,LLM,1
175,BoS,0,0,Base,LLM,0
175,BoS,0,10,Base,LLM,1
175,PD,0,10,Base,LLM,0
175,PD,1,0,Base,LLM,0
175,PD,1,8,Base,LLM,0
175,PD,1,0,Base,LLM,0
175,PD,0,5,Base,LLM,1
175,PD,1,0,Base,LLM,0
175,PD,1,8,Base,LLM,0
175,PD,1,0,Base,LLM,0
175,PD,0,5,Base,LLM,1
175,PD,0,10,Base,LLM,0
176,PD,0,10,Prompted,Human,0
176,PD,0,5,Prompted,Human,1
176,PD,0,5,Prompted,Human,1
176,PD,1,8,Prompted,Human,0
176,PD,0,5,Prompted,Human,1
176,PD,0,5,Prompted,Human,1
176,PD,1,0,Prompted,Human,0
176,PD,0,5,Prompted,Human,1
176,PD,0,5,Prompted,Human,1
176,PD,0,5,Prompted,Human,1
176,BoS,1,7,Prompted,LLM,1
176,BoS,0,0,Prompted,LLM,0
176,BoS,0,10,Prompted,LLM,1
176,BoS,0,10,Prompted,LLM,1
176,BoS,0,0,Prompted,LLM,0
176,BoS,0,10,Prompted,LLM,1
176,BoS,0,10,Prompted,LLM,1
176,BoS,0,10,Prompted,LLM,1
176,BoS,0,0,Prompted,LLM,0
176,BoS,0,10,Prompted,LLM,1
177,BoS,1,7,Base,Human,1
177,BoS,0,0,Base,Human,0
177,BoS,0,0,Base,Human,0
177,BoS,1,0,Base,Human,0
177,BoS,1,7,Base,Human,1
177,BoS,1,7,Base,Human,1
177,BoS,1,7,Base,Human,1
177,BoS,1,7,Base,Human,1
177,BoS,1,7,Base,Human,1
177,BoS,1,7,Base,Human,1
177,PD,1,8,Base,LLM,0
177,PD,1,8,Base,LLM,0
177,PD,1,8,Base,LLM,0
177,PD,1,8,Base,LLM,0
177,PD,1,8,Base,LLM,0
177,PD,1,8,Base,LLM,0
177,PD,1,8,Base,LLM,0
177,PD,1,8,Base,LLM,0
177,PD,1,8,Base,LLM,0
177,PD,0,10,Base,LLM,0
178,PD,1,8,Base,LLM,0
178,PD,1,8,Base,LLM,0
178,PD,1,8,Base,LLM,0
178,PD,1,8,Base,LLM,0
178,PD,0,10,Base,LLM,0
178,PD,1,0,Base,LLM,0
178,PD,1,8,Base,LLM,0
178,PD,1,8,Base,LLM,0
178,PD,1,0,Base,LLM,0
178,PD,0,10,Base,LLM,0
178,BoS,1,7,Base,Human,1
178,BoS,1,7,Base,Human,1
178,BoS,0,0,Base,Human,0
178,BoS,0,0,Base,Human,0
178,BoS,0,10,Base,Human,1
178,BoS,0,10,Base,Human,1
178,BoS,0,10,Base,Human,1
178,BoS,1,0,Base,Human,0
178,BoS,0,0,Base,Human,0
178,BoS,0,0,Base,Human,0
179,BoS,1,7,Base,Human,1
179,BoS,1,7,Base,Human,1
179,BoS,1,7,Base,Human,1
179,BoS,1,7,Base,Human,1
179,BoS,1,7,Base,Human,1
179,BoS,0,0,Base,Human,0
179,BoS,0,10,Base,Human,1
179,BoS,0,0,Base,Human,0
179,BoS,1,0,Base,Human,0
179,BoS,1,7,Base,Human,1
179,PD,0,10,Base,Human,0
179,PD,0,5,Base,Human,1
179,PD,0,5,Base,Human,1
179,PD,0,5,Base,Human,1
179,PD,0,5,Base,Human,1
179,PD,0,5,Base,Human,1
179,PD,0,5,Base,Human,1
179,PD,0,5,Base,Human,1
179,PD,0,5,Base,Human,1
179,PD,0,5,Base,Human,1
180,BoS,1,7,Prompted,LLM,1
180,BoS,1,7,Prompted,LLM,1
180,BoS,0,0,Prompted,LLM,0
180,BoS,1,7,Prompted,LLM,1
180,BoS,0,0,Prompted,LLM,0
180,BoS,0,0,Prompted,LLM,0
180,BoS,0,0,Prompted,LLM,0
180,BoS,0,0,Prompted,LLM,0
180,BoS,1,7,Prompted,LLM,1
180,BoS,1,7,Prompted,LLM,1
180,PD,0,10,Prompted,Human,0
180,PD,0,5,Prompted,Human,1
180,PD,0,5,Prompted,Human,1
180,PD,1,0,Prompted,Human,0
180,PD,0,10,Prompted,Human,0
180,PD,0,5,Prompted,Human,1
180,PD,0,5,Prompted,Human,1
180,PD,0,5,Prompted,Human,1
180,PD,0,5,Prompted,Human,1
180,PD,0,5,Prompted,Human,1
181,BoS,0,0,Base,LLM,0
181,BoS,1,0,Base,LLM,0
181,BoS,1,7,Base,LLM,1
181,BoS,0,0,Base,LLM,0
181,BoS,0,0,Base,LLM,0
181,BoS,1,0,Base,LLM,0
181,BoS,0,0,Base,LLM,0
181,BoS,0,10,Base,LLM,1
181,BoS,1,7,Base,LLM,1
181,BoS,0,0,Base,LLM,0
181,PD,1,8,Base,Human,0
181,PD,1,8,Base,Human,0
181,PD,1,8,Base,Human,0
181,PD,1,8,Base,Human,0
181,PD,1,8,Base,Human,0
181,PD,1,8,Base,Human,0
181,PD,1,8,Base,Human,0
181,PD,1,8,Base,Human,0
181,PD,1,8,Base,Human,0
181,PD,1,8,Base,Human,0
182,PD,1,8,Prompted,Human,0
182,PD,1,8,Prompted,Human,0
182,PD,1,8,Prompted,Human,0
182,PD,1,8,Prompted,Human,0
182,PD,1,8,Prompted,Human,0
182,PD,1,8,Prompted,Human,0
182,PD,1,8,Prompted,Human,0
182,PD,1,8,Prompted,Human,0
182,PD,1,8,Prompted,Human,0
182,PD,0,10,Prompted,Human,0
182,BoS,0,0,Prompted,LLM,0
182,BoS,0,0,Prompted,LLM,0
182,BoS,1,7,Prompted,LLM,1
182,BoS,1,7,Prompted,LLM,1
182,BoS,1,7,Prompted,LLM,1
182,BoS,1,7,Prompted,LLM,1
182,BoS,1,7,Prompted,LLM,1
182,BoS,1,7,Prompted,LLM,1
182,BoS,1,7,Prompted,LLM,1
182,BoS,1,7,Prompted,LLM,1
183,PD,0,10,Base,LLM,0
183,PD,1,0,Base,LLM,0
183,PD,0,5,Base,LLM,1
183,PD,0,5,Base,LLM,1
183,PD,0,5,Base,LLM,1
183,PD,0,5,Base,LLM,1
183,PD,1,0,Base,LLM,0
183,PD,0,10,Base,LLM,0
183,PD,0,10,Base,LLM,0
183,PD,0,5,Base,LLM,1
183,BoS,1,7,Base,LLM,1
183,BoS,1,7,Base,LLM,1
183,BoS,0,0,Base,LLM,0
183,BoS,0,0,Base,LLM,0
183,BoS,0,0,Base,LLM,0
183,BoS,1,0,Base,LLM,0
183,BoS,0,0,Base,LLM,0
183,BoS,1,7,Base,LLM,1
183,BoS,1,7,Base,LLM,1
183,BoS,0,0,Base,LLM,0
184,BoS,0,0,Prompted,LLM,0
184,BoS,1,7,Prompted,LLM,1
184,BoS,1,0,Prompted,LLM,0
184,BoS,1,7,Prompted,LLM,1
184,BoS,0,0,Prompted,LLM,0
184,BoS,1,7,Prompted,LLM,1
184,BoS,0,0,Prompted,LLM,0
184,BoS,1,7,Prompted,LLM,1
184,BoS,1,7,Prompted,LLM,1
184,BoS,1,7,Prompted,LLM,1
184,PD,0,10,Prompted,Human,0
184,PD,1,0,Prompted,Human,0
184,PD,1,0,Prompted,Human,0
184,PD,0,5,Prompted,Human,1
184,PD,0,5,Prompted,Human,1
184,PD,0,5,Prompted,Human,1
184,PD,1,0,Prompted,Human,0
184,PD,0,5,Prompted,Human,1
184,PD,0,10,Prompted,Human,0
184,PD,0,5,Prompted,Human,1
185,PD,0,10,Base,Human,0
185,PD,0,5,Base,Human,1
185,PD,0,5,Base,Human,1
185,PD,1,0,Base,Human,0
185,PD,1,8,Base,Human,0
185,PD,1,8,Base,Human,0
185,PD,0,5,Base,Human,1
185,PD,1,0,Base,Human,0
185,PD,0,5,Base,Human,1
185,PD,0,5,Base,Human,1
185,BoS,1,7,Base,LLM,1
185,BoS,0,0,Base,LLM,0
185,BoS,0,10,Base,LLM,1
185,BoS,0,0,Base,LLM,0
185,BoS,0,10,Base,LLM,1
185,BoS,1,0,Base,LLM,0
185,BoS,0,10,Base,LLM,1
185,BoS,0,10,Base,LLM,1
185,BoS,0,0,Base,LLM,0
185,BoS,1,0,Base,LLM,0
186,BoS,0,0,Base,LLM,0
186,BoS,0,10,Base,LLM,1
186,BoS,0,0,Base,LLM,0
186,BoS,0,10,Base,LLM,1
186,BoS,0,0,Base,LLM,0
186,BoS,0,10,Base,LLM,1
186,BoS,0,10,Base,LLM,1
186,BoS,0,10,Base,LLM,1
186,BoS,0,10,Base,LLM,1
186,BoS,0,10,Base,LLM,1
186,PD,1,8,Base,Human,0
186,PD,1,8,Base,Human,0
186,PD,1,8,Base,Human,0
186,PD,1,8,Base,Human,0
186,PD,1,8,Base,Human,0
186,PD,1,8,Base,Human,0
186,PD,1,8,Base,Human,0
186,PD,1,8,Base,Human,0
186,PD,1,8,Base,Human,0
186,PD,1,8,Base,Human,0
187,PD,0,10,Base,LLM,0
187,PD,0,5,Base,LLM,1
187,PD,0,5,Base,LLM,1
187,PD,0,5,Base,LLM,1
187,PD,0,5,Base,LLM,1
187,PD,0,5,Base,LLM,1
187,PD,0,5,Base,LLM,1
187,PD,0,5,Base,LLM,1
187,PD,0,5,Base,LLM,1
187,PD,0,5,Base,LLM,1
187,BoS,1,7,Base,Human,1
187,BoS,0,0,Base,Human,0
187,BoS,0,10,Base,Human,1
187,BoS,1,7,Base,Human,1
187,BoS,0,0,Base,Human,0
187,BoS,0,0,Base,Human,0
187,BoS,0,0,Base,Human,0
187,BoS,0,0,Base,Human,0
187,BoS,0,10,Base,Human,1
187,BoS,0,0,Base,Human,0
188,BoS,0,0,Base,LLM,0
188,BoS,1,7,Base,LLM,1
188,BoS,1,7,Base,LLM,1
188,BoS,1,7,Base,LLM,1
188,BoS,1,7,Base,LLM,1
188,BoS,0,0,Base,LLM,0
188,BoS,0,10,Base,LLM,1
188,BoS,0,0,Base,LLM,0
188,BoS,0,0,Base,LLM,0
188,BoS,0,10,Base,LLM,1
188,PD,0,10,Base,LLM,0
188,PD,1,0,Base,LLM,0
188,PD,1,0,Base,LLM,0
188,PD,0,5,Base,LLM,1
188,PD,0,10,Base,LLM,0
188,PD,1,0,Base,LLM,0
188,PD,1,8,Base,LLM,0
188,PD,1,0,Base,LLM,0
188,PD,0,5,Base,LLM,1
188,PD,0,5,Base,LLM,1
189,PD,0,10,Prompted,LLM,0
189,PD,0,5,Prompted,LLM,1
189,PD,0,5,Prompted,LLM,1
189,PD,0,10,Prompted,LLM,0
189,PD,0,5,Prompted,LLM,1
189,PD,0,5,Prompted,LLM,1
189,PD,0,5,Prompted,LLM,1
189,PD,0,5,Prompted,LLM,1
189,PD,0,5,Prompted,LLM,1
189,PD,0,5,Prompted,LLM,1
189,BoS,1,7,Prompted,Human,1
189,BoS,0,0,Prompted,Human,0
189,BoS,0,0,Prompted,Human,0
189,BoS,1,0,Prompted,Human,0
189,BoS,1,7,Prompted,Human,1
189,BoS,0,0,Prompted,Human,0
189,BoS,1,7,Prompted,Human,1
189,BoS,0,0,Prompted,Human,0
189,BoS,1,7,Prompted,Human,1
189,BoS,0,10,Prompted,Human,1
190,PD,0,10,Prompted,Human,0
190,PD,0,5,Prompted,Human,1
190,PD,0,5,Prompted,Human,1
190,PD,1,8,Prompted,Human,0
190,PD,0,10,Prompted,Human,0
190,PD,0,5,Prompted,Human,1
190,PD,0,5,Prompted,Human,1
190,PD,1,0,Prompted,Human,0
190,PD,0,5,Prompted,Human,1
190,PD,0,5,Prompted,Human,1
190,BoS,1,7,Prompted,Human,1
190,BoS,0,0,Prompted,Human,0
190,BoS,0,10,Prompted,Human,1
190,BoS,0,10,Prompted,Human,1
190,BoS,0,0,Prompted,Human,0
190,BoS,0,10,Prompted,Human,1
190,BoS,1,0,Prompted,Human,0
190,BoS,0,10,Prompted,Human,1
190,BoS,0,0,Prompted,Human,0
190,BoS,0,10,Prompted,Human,1
191,BoS,0,0,Prompted,Human,0
191,BoS,0,0,Prompted,Human,0
191,BoS,0,10,Prompted,Human,1
191,BoS,1,0,Prompted,Human,0
191,BoS,0,10,Prompted,Human,1
191,BoS,0,10,Prompted,Human,1
191,BoS,0,0,Prompted,Human,0
191,BoS,0,0,Prompted,Human,0
191,BoS,0,10,Prompted,Human,1
191,BoS,0,10,Prompted,Human,1
191,PD,0,10,Prompted,Human,0
191,PD,1,0,Prompted,Human,0
191,PD,0,10,Prompted,Human,0
191,PD,1,0,Prompted,Human,0
191,PD,0,5,Prompted,Human,1
191,PD,0,5,Prompted,Human,1
191,PD,0,5,Prompted,Human,1
191,PD,0,5,Prompted,Human,1
191,PD,0,5,Prompted,Human,1
191,PD,0,5,Prompted,Human,1
192,BoS,0,0,Base,LLM,0
192,BoS,1,0,Base,LLM,0
192,BoS,0,0,Base,LLM,0
192,BoS,0,0,Base,LLM,0
192,BoS,0,10,Base,LLM,1
192,BoS,1,7,Base,LLM,1
192,BoS,0,10,Base,LLM,1
192,BoS,0,10,Base,LLM,1
192,BoS,1,0,Base,LLM,0
192,BoS,0,10,Base,LLM,1
192,PD,1,8,Base,LLM,0
192,PD,1,8,Base,LLM,0
192,PD,1,8,Base,LLM,0
192,PD,1,8,Base,LLM,0
192,PD,1,8,Base,LLM,0
192,PD,1,8,Base,LLM,0
192,PD,1,8,Base,LLM,0
192,PD,1,8,Base,LLM,0
192,PD,1,8,Base,LLM,0
192,PD,1,8,Base,LLM,0
193,PD,1,8,Prompted,Human,0
193,PD,1,8,Prompted,Human,0
193,PD,1,8,Prompted,Human,0
193,PD,1,8,Prompted,Human,0
193,PD,1,8,Prompted,Human,0
193,PD,1,8,Prompted,Human,0
193,PD,1,8,Prompted,Human,0
193,PD,1,8,Prompted,Human,0
193,PD,0,10,Prompted,Human,0
193,PD,0,5,Prompted,Human,1
193,BoS,1,7,Prompted,LLM,1
193,BoS,0,0,Prompted,LLM,0
193,BoS,1,0,Prompted,LLM,0
193,BoS,1,7,Prompted,LLM,1
193,BoS,1,7,Prompted,LLM,1
193,BoS,1,7,Prompted,LLM,1
193,BoS,1,7,Prompted,LLM,1
193,BoS,1,7,Prompted,LLM,1
193,BoS,1,7,Prompted,LLM,1
193,BoS,1,7,Prompted,LLM,1
194,PD,0,10,Prompted,Human,0
194,PD,1,0,Prompted,Human,0
194,PD,0,5,Prompted,Human,1
194,PD,0,5,Prompted,Human,1
194,PD,0,5,Prompted,Human,1
194,PD,1,0,Prompted,Human,0
194,PD,0,5,Prompted,Human,1
194,PD,0,5,Prompted,Human,1
194,PD,0,5,Prompted,Human,1
194,PD,0,5,Prompted,Human,1
194,BoS,0,0,Prompted,LLM,0
194,BoS,1,7,Prompted,LLM,1
194,BoS,0,10,Prompted,LLM,1
194,BoS,0,10,Prompted,LLM,1
194,BoS,0,10,Prompted,LLM,1
194,BoS,0,10,Prompted,LLM,1
194,BoS,0,10,Prompted,LLM,1
194,BoS,0,0,Prompted,LLM,0
194,BoS,0,10,Prompted,LLM,1
194,BoS,0,10,Prompted,LLM,1
195,PD,0,10,Base,LLM,0
195,PD,0,5,Base,LLM,1
195,PD,0,5,Base,LLM,1
195,PD,0,10,Base,LLM,0
195,PD,0,5,Base,LLM,1
195,PD,1,0,Base,LLM,0
195,PD,0,5,Base,LLM,1
195,PD,0,5,Base,LLM,1
195,PD,0,5,Base,LLM,1
195,PD,0,5,Base,LLM,1
195,BoS,0,0,Base,LLM,0
195,BoS,1,0,Base,LLM,0
195,BoS,1,0,Base,LLM,0
195,BoS,1,7,Base,LLM,1
195,BoS,1,7,Base,LLM,1
195,BoS,1,7,Base,LLM,1
195,BoS,1,7,Base,LLM,1
195,BoS,1,7,Base,LLM,1
195,BoS,1,7,Base,LLM,1
195,BoS,1,7,Base,LLM,1
